Local Time,Offset
1716105897.740668,-4.9273173014322914e-05
1716105907.8492508,-0.00023786226908365885
1716105917.9404516,-0.00020019213358561197
1716105928.0426543,0.0029115676879882812
1716105938.1455796,0.002826690673828125
1716105948.2604103,0.0027825037638346353
1716105958.3594172,0.0002582867940266927
1716105968.4562957,0.002567450205485026
1716105978.5702505,0.0026338895161946616
1716105988.6644533,0.00021457672119140625
1716105998.7457397,0.002231756846110026
1716106008.8423007,0.0024373531341552734
1716106018.9448652,-0.00033934911092122394
1716106029.025523,0.002749204635620117
1716106039.1464243,0.003473520278930664
1716106049.2778032,0.003457784652709961
1716106059.3601458,0.0019964377085367837
1716106069.4577682,0.002803961435953776
1716106079.5737646,0.0012535254160563152
1716106089.7309382,0.007230917612711589
1716106099.8186748,0.003039280573527018
1716106109.909046,0.0005179246266682943
1716106119.9923134,0.0017422835032145183
1716106130.077901,-0.0003860791524251302
1716106140.1736088,0.0021332105000813804
1716106150.2633812,0.0002473195393880208
1716106160.3136969,0.0010685125986735027
1716106170.391238,-0.0004361470540364583
1716106180.461316,-0.00046936670939127606
1716106190.5564902,-0.00022204717000325522
1716106200.7444286,0.004089832305908203
1716106210.8310773,0.0014125506083170574
1716106220.9067395,-0.00018827120463053385
1716106230.9827337,0.0012315114339192708
1716106241.056339,-0.001237948735555013
1716106251.1289003,0.001192172368367513
1716106261.212225,0.0018371740976969402
1716106271.3007612,0.0011243025461832683
1716106281.4009895,0.002275546391805013
1716106291.5236523,0.0037304560343424478
1716106301.6245983,0.0022074381510416665
1716106311.7103035,-0.0004051526387532552
1716106321.7916622,0.0027196407318115234
1716106331.8952243,0.002650658289591471
1716106346.9940913,-0.0005524158477783203
1716106357.0816078,-0.000280300776163737
1716106367.1893396,-0.0005355676015218099
1716106382.2715366,-0.0005376338958740234
1716106392.3494656,0.0019167264302571614
1716106402.4674435,0.0024209817250569663
1716106412.5683367,0.001493215560913086
1716106422.647145,-0.0002716382344563802
1716106432.7423875,0.00063323974609375
1716106442.8289268,0.0028533935546875
1716106452.910845,-0.00035881996154785156
1716106463.009404,0.0035149256388346353
1716106473.1104214,0.0028753280639648438
1716106483.2032194,0.003999233245849609
1716106493.2855244,-0.0004524389902750651
1716106503.4063427,-0.007230361302693685
1716106513.4776337,-0.000314633051554362
1716106523.5519898,-0.00030763943990071613
1716106533.6728609,-0.0011344750722249348
1716106543.794511,0.0011337598164876301
1716106553.88447,-0.00033322970072428387
1716106563.974046,-0.00018946329752604166
1716106574.0554945,0.0026897589365641275
1716106584.1479836,0.0023744901021321616
1716106594.2349055,0.0018242994944254558
1716106604.323824,-0.001102765401204427
1716106614.4168122,0.0016319751739501953
1716106624.5131052,0.00010752677917480469
1716106634.5949688,-0.0016090869903564453
1716106644.6955693,-0.0015279452006022136
1716106654.813186,0.0019992987314860025
1716106664.9093008,-0.00038234392801920575
1716106674.9867268,0.0032178560892740884
1716106685.0949924,0.0004761219024658203
1716106695.1822548,-0.0003249645233154297
1716106705.258806,-0.0002448558807373047
1716106715.3394787,0.0020165443420410156
1716106725.426573,0.0005114078521728516
1716106735.5064707,-0.00021823247273763022
1716106745.5822747,0.0006420612335205078
1716106755.6633637,0.003598769505818685
1716106765.7474353,0.00011412302652994792
1716106775.8246777,0.0032138824462890625
1716106785.9063158,-0.0001929601033528646
1716106795.9823208,0.003259579340616862
1716106806.0676296,-0.0003516674041748047
1716106816.1432421,-0.0004764397939046224
1716106826.2176669,0.002663135528564453
1716106836.305518,-0.0004123846689860026
1716106846.3925307,-0.0013077259063720703
1716106856.474636,0.0024404525756835938
1716106866.5873592,0.0022319952646891275
1716106876.6830304,-0.0002555052439371745
1716106886.770894,-0.0012868245442708333
1716106896.8563805,-0.0012285709381103516
1716106906.9496477,0.001432339350382487
1716106917.0656006,0.002781073252360026
1716106927.175494,0.003039757410685221
1716106937.288864,0.0024536450703938804
1716106947.4057236,-0.0006736914316813151
1716106957.4943905,0.002094268798828125
1716106967.5876873,0.002035856246948242
1716106977.6841896,0.0017518202463785808
1716106987.7739933,-0.001299142837524414
1716106997.853595,0.002978801727294922
1716107007.9523304,-0.001308759053548177
1716107018.0515563,-0.0005254745483398438
1716107028.1384249,-0.0009447733561197916
1716107038.2339551,-0.0004932880401611328
1716107048.3107688,0.002415736516316732
1716107058.4086971,-0.0007752577463785807
1716107068.5301743,0.0032264391581217446
1716107078.6277874,-0.0002948443094889323
1716107088.7348983,0.0032590230305989585
1716107098.8281367,-0.000557104746500651
1716107108.905722,-0.0012059211730957031
1716107118.9829264,0.0006272792816162109
1716107129.0611389,0.002618710199991862
1716107139.1549778,0.0007526079813639323
1716107149.243493,0.0035986900329589844
1716107159.3345652,0.0007526874542236328
1716107169.424196,0.003500779469807943
1716107179.5140507,-0.0010573863983154297
1716107189.5981586,0.0017312367757161458
1716107199.7930515,0.0032596588134765625
1716107209.9066527,0.0029195149739583335
1716107220.009532,0.002636512120564779
1716107230.1139185,-0.0021616617838541665
1716107240.1904876,-0.0003635088602701823
1716107250.2683706,0.0005313555399576823
1716107260.345136,0.0018013318379720051
1716107270.43032,-0.0003177324930826823
1716107280.5431664,-0.0022870699564615884
1716107290.6324904,0.0015138785044352214
1716107300.7297366,-0.00019272168477376303
1716107310.8578014,0.0006404717763264974
1716107320.9614804,0.0037066141764322915
1716107331.057215,0.0018533070882161458
1716107341.156751,7.073084513346355e-05
1716107351.2770379,0.0027999083201090493
1716107361.3756664,-9.361902872721355e-05
1716107371.456816,0.002892017364501953
1716107381.5434372,0.0005458990732828776
1716107391.6353514,-0.0005303223927815756
1716107401.7520516,0.003076632817586263
1716107411.8530338,-0.0006589889526367188
1716107421.9338048,-6.310145060221355e-05
1716107432.0154963,0.0032208760579427085
1716107442.1227436,-0.00018556912740071615
1716107452.213007,7.255872090657552e-05
1716107462.31128,0.002277215321858724
1716107472.417579,-0.00018254915873209635
1716107482.5071719,0.002624988555908203
1716107492.5977824,-0.0009552637736002604
1716107502.6837015,-0.001504341761271159
1716107512.7649183,0.002316633860270182
1716107522.8582122,0.002648591995239258
1716107532.9504986,-0.0008213520050048828
1716107543.041969,-0.0004115104675292969
1716107553.1375697,-0.00023794174194335938
1716107563.2359025,-0.0008976459503173828
1716107573.3096979,-0.0002797444661458333
1716107583.3864305,-0.00040531158447265625
1716107593.4832542,-0.00021759668986002603
1716107603.5704222,-0.00026424725850423175
1716107613.6503353,0.0023152033487955728
1716107623.7372043,-0.00024040540059407553
1716107633.8206444,-0.0002044041951497396
1716107643.922356,0.002297083536783854
1716107654.0193985,-0.0003669261932373047
1716107664.1340034,-0.0001663366953531901
1716107674.2238016,-0.00026981035868326825
1716107684.3247187,-0.00019621849060058594
1716107694.4458323,-0.0007278124491373698
1716107704.5261686,3.123283386230469e-05
1716107714.6387787,-0.0004677772521972656
1716107724.717098,-0.00010418891906738281
1716107734.7967045,-0.00012310345967610678
1716107744.9101813,-0.0008881092071533203
1716107755.0208776,-0.0006117026011149088
1716107765.0917761,-0.00015234947204589844
1716107775.163786,-0.000383297602335612
1716107785.243982,-8.797645568847656e-05
1716107795.3444111,0.00033164024353027344
1716107805.4333737,0.0005259513854980469
1716107815.512872,0.00042176246643066406
1716107825.6188543,0.003563404083251953
1716107835.7181165,-0.00027434031168619793
1716107845.8041801,0.0031301180521647134
1716107855.9098356,-0.0003802776336669922
1716107865.9970882,0.000391085942586263
1716107876.0747297,-0.0001327991485595703
1716107886.1500015,-0.00034697850545247394
1716107896.2568836,0.0018918514251708984
1716107906.3513947,9.989738464355469e-05
1716107916.4491968,-0.001121203104654948
1716107926.5367641,-0.0011892318725585938
1716107936.6123335,-0.00010402997334798177
1716107946.68017,-0.00048828125
1716107956.7602005,-0.0008649826049804688
1716107966.8526685,1.5099843343098959e-05
1716107976.9400663,-0.0005122820536295573
1716107987.04239,0.0009322961171468099
1716107997.1244476,-0.000245968500773112
1716108007.2046013,-0.0009756088256835938
1716108017.3055046,0.0008668104807535807
1716108027.3930032,-0.0013946692148844402
1716108037.4778569,0.001429160435994466
1716108047.565398,0.0009426275889078776
1716108057.6420414,0.0020818710327148438
1716108067.7388508,0.004120826721191406
1716108077.8226392,-0.0006643931070963541
1716108087.9245434,-0.0013909339904785156
1716108098.0162942,-0.001275936762491862
1716108108.411245,-0.00017031033833821615
1716108118.4936924,0.0023207664489746094
1716108128.5803568,-0.00017420450846354166
1716108138.6750329,-0.0004885991414388021
1716108148.7667036,0.0026029745737711587
1716108158.8812487,0.0024464925130208335
1716108168.977704,-0.00047127405802408856
1716108179.0538795,-0.0001456737518310547
1716108189.132578,0.0005610783894856771
1716108199.2089698,-0.0002524852752685547
1716108209.2843046,-0.00042064984639485675
1716108219.366439,0.0026587645212809243
1716108229.4534776,-0.0004374980926513672
1716108239.5841777,-0.00010450681050618489
1716108249.6903107,-0.0002291997273763021
1716108259.7807026,0.0024024645487467446
1716108269.8701859,0.002516587575276693
1716108279.9772513,-4.593531290690104e-05
1716108290.0825176,-0.0002342859903971354
1716108300.1884687,0.003043492635091146
1716108310.2762501,-0.0002788702646891276
1716108320.3529472,-0.00030342737833658856
1716108330.4704876,0.002359310785929362
1716108340.5630932,-0.00024827321370442707
1716108350.6477258,-0.0003383954366048177
1716108360.7481592,0.002402146657307943
1716108370.8314517,-0.00020051002502441406
1716108385.9033506,0.0036847591400146484
1716108395.9861505,0.0004608631134033203
1716108406.0636423,-0.00033219655354817707
1716108416.1507628,-0.0002158482869466146
1716108426.2302246,-0.0008376439412434896
1716108436.3129132,0.002767165501912435
1716108446.4042292,-0.0006783008575439453
1716108456.4878829,0.0027267932891845703
1716108466.5820217,-0.0008602937062581381
1716108481.6730733,0.003620147705078125
1716108491.7747746,0.0013554890950520833
1716108501.8445356,-0.0002936522165934245
1716108511.8968818,-0.00016959508260091147
1716108521.948244,-8.900960286458333e-05
1716108532.000864,-0.0002823670705159505
1716108542.05145,-0.00046173731486002606
1716108552.1035473,-0.00029508272806803387
1716108562.2026367,-0.0004112720489501953
1716108572.2977343,-1.1126200358072917e-06
1716108582.3899157,0.002221981684366862
1716108592.4944828,-0.00023555755615234375
1716108602.5805838,-0.0004432201385498047
1716108612.6778214,-0.0005582173665364584
1716108622.759203,-0.00012143452962239583
1716108632.8337476,-0.00027330716451009113
1716108642.9278953,-0.00020122528076171875
1716108653.0336199,-0.00027068456013997394
1716108663.11872,-0.000295559565226237
1716108673.1932356,-2.3285547892252605e-05
1716108683.2698574,-0.0006125768025716146
1716108693.3543808,-8.622805277506511e-05
1716108703.436409,0.00215911865234375
1716108713.5330346,0.0028227965037027993
1716108723.6259515,0.002767801284790039
1716108733.7217772,2.288818359375e-05
1716108743.8062012,-0.0012802282969156902
1716108753.902377,-0.00016466776529947916
1716108763.9944534,0.0027617613474527993
1716108774.074931,-0.0011548201243082683
1716108784.1527576,-0.0012565453847249348
1716108794.230571,-0.0011567274729410808
1716108804.310015,0.0005827744801839193
1716108814.4097292,0.0017676353454589844
1716108824.5191114,-0.00024008750915527344
1716108834.6096947,0.001951773961385091
1716108844.6890843,0.0003174146016438802
1716108854.7694242,0.00024326642354329428
1716108864.8529065,0.0013292630513509114
1716108874.9601476,-0.00038433074951171875
1716108885.057595,0.0024858315785725913
1716108895.156606,0.0028018951416015625
1716108905.2446043,0.00010538101196289062
1716108915.330561,0.003179788589477539
1716108925.4194002,-0.00042557716369628906
1716108935.515145,-0.00031749407450358075
1716108945.6382496,0.001850128173828125
1716108955.7421124,-0.00018668174743652344
1716108965.8291132,0.0015954971313476562
1716108975.9139986,0.0001300970713297526
1716108986.0226011,0.0021975040435791016
1716108996.142515,0.0008016427357991537
1716109006.225055,0.0006532669067382812
1716109016.2978094,-0.0001312891642252604
1716109026.3682191,-0.00024771690368652344
1716109036.4626226,0.00010999043782552083
1716109046.5426054,-0.0007732709248860677
1716109056.6318252,-0.0028853416442871094
1716109066.7092373,-0.00032790501912434894
1716109076.7826583,-0.0005235671997070312
1716109086.8604832,-0.0009540716807047526
1716109096.9608448,-0.000629266103108724
1716109107.0747492,-0.0011835098266601562
1716109117.1700642,0.0017611980438232422
1716109127.269946,-0.002125422159830729
1716109137.371906,0.00013947486877441406
1716109147.4694624,0.0012920697530110676
1716109157.5525763,-1.0728836059570312e-05
1716109167.6341934,0.003062089284261068
1716109177.7474778,0.0026965936024983725
1716109187.8448095,-0.00025121370951334637
1716109197.919534,-0.0009602705637613932
1716109207.997165,0.0027436415354410806
1716109218.0910127,0.0022192001342773438
1716109228.1810706,0.002859989802042643
1716109238.264448,-0.0003658135732014974
1716109248.3391,-0.0002178351084391276
1716109258.4288435,0.0030399958292643228
1716109268.522915,0.002469142278035482
1716109278.6141214,0.0024788379669189453
1716109288.688282,0.0030090014139811196
1716109298.824397,-3.96569569905599e-05
1716109308.9028065,0.0025134881337483725
1716109319.0052469,0.0030395984649658203
1716109329.113119,-0.0003200372060139974
1716109339.2055733,0.002785205841064453
1716109349.323224,0.0015214284261067708
1716109359.4069417,-0.0001037915547688802
1716109369.4785326,0.0013805230458577473
1716109379.5608165,0.003354946772257487
1716109389.643604,-2.2729237874348957e-05
1716109399.727395,-0.0008461475372314453
1716109409.8075774,0.0011622905731201172
1716109419.8872623,-0.000740210215250651
1716109430.002988,-3.695487976074219e-05
1716109440.0746953,-2.2093454996744793e-05
1716109450.153969,0.0017597675323486328
1716109460.2414455,-0.0002152125040690104
1716109470.3229163,-4.76837158203125e-05
1716109480.3981407,-0.00015179316202799478
1716109490.4802606,-0.0001224676767985026
1716109500.5771668,-0.00034999847412109375
1716109510.664251,-8.988380432128906e-05
1716109520.741018,-0.00038735071818033856
1716109530.838478,-0.00047246615091959637
1716109540.9211833,-0.00010593732198079427
1716109550.996734,-0.00019399325052897135
1716109561.1025963,-0.0015347003936767578
1716109571.1704953,-8.821487426757812e-06
1716109581.2544186,-0.0017853577931722004
1716109591.3575146,0.001384735107421875
1716109601.4305766,-5.4836273193359375e-05
1716109611.5234241,-0.00024143854777018228
1716109621.6257057,-0.0015992323557535808
1716109631.7324936,3.727277119954427e-05
1716109641.8245058,-0.0015957355499267578
1716109651.920838,0.001516580581665039
1716109662.0315478,-0.00028053919474283856
1716109672.1180975,1.3113021850585938e-05
1716109682.2111177,-0.00023667017618815103
1716109692.3290975,0.0006356239318847656
1716109702.4088926,-5.014737447102865e-05
1716109712.493069,-0.001757224400838216
1716109722.5947573,0.0009905497233072917
1716109732.7094967,-0.00028133392333984375
1716109742.8534744,0.006323099136352539
1716109752.9487422,-0.0010224978129069011
1716109763.057911,0.0015204747517903645
1716109773.179652,-0.0014354387919108074
1716109783.2923682,0.0012055238087972004
1716109793.3684418,-0.0003440380096435547
1716109803.4651048,0.0015869935353597004
1716109813.5964763,0.004455725351969401
1716109823.6887991,-0.0012586911519368489
1716109833.790312,0.003511349360148112
1716109843.879687,-0.0002709229787190755
1716109853.9505892,-0.00029095013936360675
1716109864.0207136,-0.00015179316202799478
1716109874.1206067,0.0016067028045654297
1716109884.2284117,-0.001694043477376302
1716109894.3005583,-0.00017992655436197916
1716109904.3728364,-0.00022443135579427084
1716109914.4547374,0.00277558962504069
1716109924.5517998,-0.0008146762847900391
1716109934.6419094,0.001040061314900716
1716109944.7270114,0.0029554367065429688
1716109954.8288238,0.003129243850708008
1716109964.9171762,-0.0002950032552083333
1716109975.0301075,-0.0004096825917561849
1716109985.1153142,0.0015498797098795574
1716109995.2027776,-0.00045148531595865887
1716110005.2787564,-0.00036525726318359375
1716110015.3564262,-0.0008793671925862631
1716110025.436515,0.002436478932698568
1716110035.543074,-0.0008704662322998047
1716110045.6227818,-0.00014034907023111978
1716110055.728789,-0.00035532315572102863
1716110065.7986782,-0.00016617774963378906
1716110075.9121122,0.0027767022450764975
1716110086.021142,0.00312193234761556
1716110096.1359587,-0.0003486474355061849
1716110106.2786388,0.002613703409830729
1716110116.4072125,0.0010177294413248699
1716110126.523507,0.0009696483612060547
1716110136.636432,0.0015556017557779949
1716110146.7467346,0.0016010602315266926
1716110156.8812473,0.0027632713317871094
1716110167.0024774,-0.0014952023824055989
1716110177.1045082,0.0021495819091796875
1716110187.218523,-0.0021479924519856772
1716110197.2983043,-0.0008048216501871744
1716110207.4191997,-0.001172463099161784
1716110217.507966,-0.0008246898651123047
1716110227.7839854,0.0018676122029622395
1716110237.8736784,-0.0005711714426676432
1716110247.9492462,-0.00044806798299153644
1716110258.0006084,-0.00026456514994303387
1716110268.0808551,-2.86102294921875e-05
1716110278.1607313,0.0002105236053466797
1716110288.2124405,-0.00023945172627766928
1716110298.2844107,-0.000316619873046875
1716110308.3721092,0.00013796488444010416
1716110318.4674423,0.0057896773020426435
1716110328.547856,-4.569689432779948e-05
1716110338.6212451,0.0001644293467203776
1716110348.700917,0.0025320847829182944
1716110358.7792866,0.0007847150166829427
1716110368.8553894,0.00461268424987793
1716110378.9418824,0.002317508061726888
1716110389.0348196,0.002724885940551758
1716110399.1205275,-0.00025693575541178387
1716110409.2163985,-0.00013216336568196615
1716110419.2788136,-0.00021227200826009115
1716110429.356829,8.66254170735677e-05
1716110439.4320939,-0.0006167093912760416
1716110449.4950855,0.0010101000467936199
1716110459.5961573,0.0025278727213541665
1716110469.682593,4.267692565917969e-05
1716110479.7542374,0.0001018842061360677
1716110489.8491237,0.00046253204345703125
1716110499.9307396,-0.0003285408020019531
1716110510.0437717,1.239776611328125e-05
1716110520.1342125,0.0023806889851888022
1716110530.227167,0.0028444131215413413
1716110540.3133056,-0.0002861817677815755
1716110550.4154491,0.002405087153116862
1716110560.5249317,-0.0002740224202473958
1716110570.6017466,-0.000316619873046875
1716110580.6767776,0.00015338261922200522
1716110590.7530289,-8.749961853027344e-05
1716110600.8295386,-0.0002899964650472005
1716110610.9326007,0.0025686422983805337
1716110621.058624,-0.0018452803293863933
1716110631.1339397,-0.0002712408701578776
1716110641.2364314,0.0014077822367350261
1716110651.3579311,0.0027443567911783853
1716110661.4569263,-0.00024588902791341144
1716110671.5419788,0.0018346309661865234
1716110681.6314437,-0.0017719268798828125
1716110691.7122467,-0.0017143090565999348
1716110701.7900152,-0.0010877450307210286
1716110711.8848,-0.00017547607421875
1716110721.978569,-0.0015649000803629558
1716110732.0744393,-0.0018460750579833984
1716110742.1694221,-0.0015846888224283855
1716110752.2458112,0.0022897720336914062
1716110762.3298943,-0.0002285639444986979
1716110772.406269,-0.0002960364023844401
1716110782.4817314,-0.0007185141245524088
1716110792.576334,-0.00021608670552571615
1716110802.6761887,-0.00014313062032063803
1716110812.7770298,-0.0002445379892985026
1716110822.8247442,-0.00028093655904134113
1716110832.9214334,-0.00013740857442220053
1716110843.022905,-0.0003273487091064453
1716110853.0995305,-6.763140360514323e-05
1716110863.174775,-0.0001095136006673177
1716110873.2758162,0.002801974614461263
1716110883.3748052,-0.00021998087565104166
1716110893.4844234,-2.6305516560872395e-05
1716110903.5866585,0.00048422813415527344
1716110913.6852512,0.0022726853688557944
1716110923.7828417,-0.0003763834635416667
1716110933.8804924,0.0022552808125813804
1716110943.986122,-0.0004776318868001302
1716110954.0729058,-0.0002861817677815755
1716110964.1615498,0.0010218620300292969
1716110974.2663364,0.001992940902709961
1716110984.3909655,0.003123601277669271
1716110994.485398,-0.00026186307271321613
1716111004.5916355,-8.12212626139323e-05
1716111014.6820786,-0.0002551078796386719
1716111024.758833,-0.00031828880310058594
1716111034.841528,0.0027228991190592446
1716111044.9391537,0.002190192540486654
1716111055.0392077,0.002409219741821289
1716111065.1284034,-0.00030549367268880207
1716111075.2076166,0.0019510587056477864
1716111085.2988799,0.0003844896952311198
1716111095.3802283,0.002363284428914388
1716111105.4713013,0.002093712488810221
1716111115.571152,0.003987709681193034
1716111125.678416,0.0008064111073811849
1716111135.7761142,-2.5590260823567707e-05
1716111145.8622606,-0.00019812583923339844
1716111155.9428482,-0.0002456506093343099
1716111166.0151978,-1.4861424763997396e-05
1716111176.095624,0.001980940500895182
1716111186.1803732,-0.00039887428283691406
1716111196.2609766,0.0018047491709391277
1716111206.3445015,0.001953601837158203
1716111216.4351642,0.002590179443359375
1716111226.5477555,0.002746025721232096
1716111236.6504974,-0.00017142295837402344
1716111246.7303526,0.0023040771484375
1716111256.812209,-9.028116861979167e-05
1716111266.9802716,-0.0003085136413574219
1716111277.0543144,-0.0004917780558268229
1716111287.1338403,0.0015978813171386719
1716111297.2174988,-0.00021576881408691406
1716111307.3104117,-0.0004572868347167969
1716111317.4000614,0.0017677148183186848
1716111327.4815414,0.0003807544708251953
1716111337.555393,0.0016022523244222004
1716111347.6634161,0.003068208694458008
1716111357.7590606,-0.0005726814270019531
1716111367.8358536,-0.00013796488444010416
1716111377.9299183,0.0004908243815104166
1716111388.0134194,-4.6412150065104164e-05
1716111398.1112766,0.0013591448465983074
1716111408.2086124,0.0023180643717447915
1716111418.3024986,0.003785292307535807
1716111428.5586708,-0.00018334388732910156
1716111438.635543,-0.00026607513427734375
1716111448.7137845,0.0024832884470621743
1716111458.800358,-6.731351216634114e-05
1716111468.880461,0.001692374547322591
1716111478.9795034,-0.0007301966349283854
1716111489.0590255,-0.00040260950724283856
1716111499.1374195,-0.0001273949940999349
1716111509.2329528,2.8451283772786457e-05
1716111519.3239167,0.0019638538360595703
1716111529.4132535,-6.818771362304688e-05
1716111539.4963963,0.001988093058268229
1716111549.604788,0.0017623106638590496
1716111559.7421067,-0.0261227289835612
1716111569.828245,-0.0004581610361735026
1716111579.8842342,0.0015760262807210286
1716111589.9772818,0.002306858698527018
1716111600.0718555,-0.024166584014892578
1716111610.1708584,0.0022769769032796225
1716111620.2882273,0.0016785462697347004
1716111630.3614368,0.0015913645426432292
1716111640.451341,0.0015595753987630208
1716111650.5435104,0.0013014475504557292
1716111660.6342459,-0.0004077752431233724
1716111670.733699,-0.0003857612609863281
1716111680.8171177,-0.04534554481506348
1716111690.9532554,-0.0014371077219645183
1716111701.0288393,-0.0001598199208577474
1716111711.0965774,0.0023287137349446616
1716111721.1891868,0.0024219353993733725
1716111731.294212,0.0017333825429280598
1716111741.4001827,0.0007839202880859375
1716111751.4915283,-0.001465161641438802
1716111761.5879352,-0.00028395652770996094
1716111771.6844952,0.0003840923309326172
1716111781.7925518,0.0016736189524332683
1716111791.9061134,-0.00014130274454752603
1716111801.9997876,0.0007328192392985026
1716111812.080285,-0.0002525647481282552
1716111822.171356,0.0014671484629313152
1716111832.2695081,0.0012022654215494792
1716111842.3858087,0.00044218699137369793
1716111852.4889061,-0.001810153325398763
1716111862.5712578,0.0022069613138834634
1716111872.6609259,7.589658101399739e-05
1716111882.7659788,-0.0017441908518473308
1716111892.878442,0.0022591749827067056
1716111902.978571,0.0020276705423990884
1716111913.0726445,0.002391258875528971
1716111923.1886613,-0.0017989476521809895
1716111933.2736213,-0.000591437021891276
1716111943.3681831,-0.0005019505818684896
1716111953.476251,-0.0007342497507731119
1716111963.5877187,0.002277851104736328
1716111973.7402122,0.00448155403137207
1716111983.8322773,0.0027848084767659507
1716111993.9188359,-0.00023214022318522135
1716112003.993164,-0.00028626124064127606
1716112014.0969822,-0.00027934710184733075
1716112024.245828,0.01025851567586263
1716112034.3728495,0.006133079528808594
1716112044.5049763,0.0034573872884114585
1716112054.598285,0.0023507277170817056
1716112064.682088,0.0025229454040527344
1716112074.768462,-0.00028554598490397137
1716112084.8632424,-0.0006194114685058594
1716112094.9611626,0.0025430520375569663
1716112105.0589507,0.0026627381642659507
1716112115.1472194,-0.0003121693929036458
1716112125.2328656,-0.00010784467061360677
1716112135.290683,0.0023653507232666016
1716112145.5055225,0.00031455357869466144
1716112155.5828063,0.0014372666676839192
1716112165.7038429,-0.0007846355438232422
1716112175.7766416,0.002654393513997396
1716112185.922059,0.0010546048482259114
1716112196.0212173,0.0030329227447509766
1716112206.1037676,-0.0004894733428955078
1716112216.181036,0.0004912217458089193
1716112226.3012657,0.0024683475494384766
1716112236.429643,0.0009711583455403646
1716112246.5544662,0.0015776952107747395
1716112256.6582458,0.0006575584411621094
1716112266.7641346,0.0003348986307779948
1716112276.8504791,-0.00030620892842610675
1716112286.9257843,0.002536296844482422
1716112297.014942,0.001331329345703125
1716112307.1133673,-0.0002752939860026042
1716112317.2040873,0.00241239865620931
1716112327.316086,0.003747701644897461
1716112337.416466,0.0028792222340901694
1716112347.497756,-0.0001468658447265625
1716112357.574649,0.0015932718912760417
1716112367.7015152,-0.0003223419189453125
1716112377.7817352,-0.0008019606272379557
1716112387.8576763,-0.0002655982971191406
1716112397.9294472,-0.00023468335469563803
1716112408.0065353,0.0005296071370442709
1716112418.0877445,-0.0008652210235595703
1716112428.1912658,0.004432519276936849
1716112438.318821,0.005587975184122722
1716112448.4177084,0.002538760503133138
1716112458.4971955,-0.0004295508066813151
1716112468.5940387,-0.00012381871541341147
1716112478.6804905,-0.00017499923706054688
1716112488.7600067,0.0016713937123616536
1716112498.843258,-4.8955281575520836e-05
1716112514.0259118,-0.0005284547805786133
1716112524.0940638,0.0007612705230712891
1716112539.1560392,-0.00012600421905517578
1716112549.232109,0.0038240750630696616
1716112559.3560898,-0.0014927387237548828
1716112569.4663706,0.0026322205861409507
1716112579.5511208,0.0006571610768636068
1716112589.6322403,-0.00027251243591308594
1716112599.7253854,-0.00029269854227701825
1716112614.8043494,0.00240170955657959
1716112624.8798635,-0.0013390382130940754
1716112634.9636698,0.0017495155334472656
1716112645.065159,-0.00024406115214029947
1716112655.1584108,0.003528436024983724
1716112665.2247107,-0.0002911885579427083
1716112675.3345487,-2.384185791015625e-05
1716112685.4285982,-2.86102294921875e-05
1716112695.511975,4.394849141438802e-05
1716112705.598505,0.0035797754923502603
1716112715.7021725,-0.0004696846008300781
1716112725.7922773,5.618731180826823e-05
1716112735.8379955,-0.00011356671651204427
1716112745.9227283,-0.0002551078796386719
1716112755.9950287,-0.0008294582366943359
1716112766.0657387,-0.0005328655242919922
1716112776.1668892,-0.00024437904357910156
1716112786.238286,0.0012024243672688801
1716112796.3220844,0.0035049915313720703
1716112806.4345787,0.0034628709157307944
1716112816.5322723,0.003736257553100586
1716112826.6157084,0.001308759053548177
1716112836.7010386,-0.00034228960673014325
1716112846.7689383,1.430511474609375e-06
1716112856.8340538,-8.296966552734375e-05
1716112866.9003258,-8.002916971842448e-05
1716112876.9708111,-0.0002735455830891927
1716112887.0634592,-0.002410332361857096
1716112897.1279652,-9.23474629720052e-05
1716112907.3233082,0.001054525375366211
1716112917.401907,-0.0004696051279703776
1716112927.5028954,0.0014031728108723958
1716112937.6020367,-0.00021473566691080728
1716112947.7048633,0.0021740595499674478
1716112957.7721503,-8.217493693033855e-05
1716112967.8571625,-0.00022300084431966147
1716112977.9396975,0.002151012420654297
1716112988.0322316,0.002920945485432943
1716112998.140103,-0.00012954076131184897
1716113008.2322824,0.002833763758341471
1716113018.3333845,0.0015558401743570964
1716113028.4263992,-0.00026758511861165363
1716113038.5096734,0.00022339820861816406
1716113048.6070995,0.003291924794514974
1716113058.714138,-2.6226043701171875e-06
1716113068.7968242,0.0026381810506184897
1716113078.8917396,0.002608696619669596
1716113089.0098674,-0.00015767415364583334
1716113099.1072054,0.003970702489217122
1716113109.2120304,-0.00019947687784830728
1716113119.3115842,-0.00012302398681640625
1716113129.4289439,0.0011142889658610027
1716113139.5409591,-0.0011378924051920574
1716113149.6293008,0.00020400683085123697
1716113159.7082455,0.0013283093770345051
1716113169.7826607,-8.328755696614583e-05
1716113179.8738725,0.001294533411661784
1716113189.9547646,0.00018564860026041666
1716113200.0356274,0.0031621456146240234
1716113210.128042,0.0032536188761393228
1716113220.2126763,-0.00037988026936848957
1716113230.2784941,-0.0002638498942057292
1716113240.3798134,0.0026891231536865234
1716113250.579261,0.003619670867919922
1716113260.666044,0.0015325546264648438
1716113270.7445347,0.0013336340586344402
1716113280.8217547,-0.00020511945088704428
1716113290.9174721,-0.00017873446146647135
1716113301.0074196,0.002359628677368164
1716113311.0908184,0.00023818016052246094
1716113321.174928,0.0043875376383463545
1716113331.2750282,0.0027660528818766275
1716113341.3574917,0.00018771489461263022
1716113351.4407513,0.0026965936024983725
1716113361.547514,0.002000729242960612
1716113371.6627295,-2.4954477945963543e-05
1716113381.7531102,0.00219877560933431
1716113391.8492413,0.0031878153483072915
1716113401.9430687,0.0028672218322753906
1716113412.0554402,0.0025275548299153647
1716113422.157544,0.0026312669118245444
1716113432.270036,-5.6743621826171875e-05
1716113442.3635921,1.4702479044596354e-05
1716113452.443261,0.0025657018025716147
1716113462.5483549,-0.00011777877807617188
1716113472.6219838,-0.0001060167948404948
1716113482.6841724,1.6530354817708332e-05
1716113492.7773192,0.001413424809773763
1716113502.8720245,0.0020661354064941406
1716113512.999071,-0.00022220611572265625
1716113523.0876477,0.002857764561971029
1716113533.1782687,0.0017205874125162761
1716113543.2866127,0.002682288487752279
1716113553.3894184,0.0002872943878173828
1716113563.4891765,0.002367099126180013
1716113573.5856686,-0.00016291936238606772
1716113583.660264,-0.00018294652303059897
1716113593.735078,0.00014630953470865885
1716113603.8130753,0.0034453868865966797
1716113613.9068325,0.0035905838012695312
1716113623.9891288,-0.00020543734232584635
1716113634.0696728,0.0037021636962890625
1716113644.2574131,0.0021117528279622397
1716113654.3370345,-0.00014281272888183594
1716113664.4113915,0.0021714369455973306
1716113674.4909115,-7.43865966796875e-05
1716113684.5873153,-8.209546407063802e-05
1716113694.695821,0.004714409510294597
1716113704.7650776,-0.00024056434631347656
1716113714.8444536,0.001569827397664388
1716113724.9343536,0.0030670166015625
1716113735.0273864,0.002305746078491211
1716113745.104478,-0.0001266002655029297
1716113755.1887913,0.0002837181091308594
1716113765.2847965,-7.859865824381511e-05
1716113775.3688533,-0.00011531511942545573
1716113785.4651954,-0.00017722447713216147
1716113795.555124,0.0018401940663655598
1716113805.6571667,0.0009645620981852213
1716113815.7552116,0.0029001235961914062
1716113825.8426266,-0.00019892056783040365
1716113835.9288394,0.00284727414449056
1716113846.0364983,-8.034706115722656e-05
1716113856.1428711,0.00014750162760416666
1716113866.2533913,0.001775979995727539
1716113876.3456986,-0.0009473959604899088
1716113886.4325545,0.0031014283498128257
1716113896.5210323,-4.474322001139323e-05
1716113906.6190999,0.0003274281819661458
1716113916.7081583,0.0003249645233154297
1716113926.7871706,0.002201557159423828
1716113936.89507,0.00031336148579915363
1716113947.0061502,0.0016456445058186848
1716113957.1651442,0.008921305338541666
1716113967.2457592,0.0026317437489827475
1716113977.3562508,0.0016252994537353516
1716113987.464761,-0.0007605552673339844
1716113997.5538776,0.0011068979899088542
1716114007.6609762,-8.88506571451823e-05
1716114017.7505846,0.0017778078715006511
1716114027.847355,-0.002204736073811849
1716114037.9908464,-0.00020511945088704428
1716114048.090454,0.0015923182169596355
1716114058.1796591,-0.0010904471079508464
1716114068.2617915,-0.0012279351552327473
1716114078.3495567,0.0015788873036702473
1716114088.4436634,0.0009659926096598307
1716114098.5294352,-0.001317421595255534
1716114108.631685,0.0028262933095296225
1716114118.763097,0.002622524897257487
1716114128.8628194,0.0021057923634847007
1716114138.986351,0.0017045338948567708
1716114149.0880759,0.0008731683095296224
1716114159.1799288,0.002782742182413737
1716114169.3302224,0.0030936400095621743
1716114179.429252,0.00014901161193847656
1716114189.516331,-0.0009321371714274088
1716114199.6095772,0.0016551017761230469
1716114209.709802,-5.57104746500651e-05
1716114219.797266,0.00010291735331217448
1716114229.8883526,0.0009377797444661459
1716114239.9754717,0.0025664170583089194
1716114250.0622807,-4.601478576660156e-05
1716114260.149957,-0.0009180704752604166
1716114270.2462351,-0.00018676122029622397
1716114280.327613,-0.0002086162567138672
1716114290.4176896,0.000861962636311849
1716114300.500253,-0.00012580553690592447
1716114310.579565,-0.00032774607340494793
1716114320.7043953,0.0017281373341878254
1716114330.819463,-0.0002830028533935547
1716114340.9071143,0.0021049181620279946
1716114350.992979,0.002447048823038737
1716114361.0816033,-0.0003058910369873047
1716114371.162678,0.0033044020334879556
1716114381.2491262,0.003530104955037435
1716114391.3373833,0.0033615430196126304
1716114401.449105,0.0003898143768310547
1716114411.5529902,0.003558635711669922
1716114421.6550846,2.1298726399739582e-05
1716114431.762315,0.0028259754180908203
1716114441.8629267,0.0025637944539388022
1716114452.0525742,-0.00031606356302897137
1716114462.2275155,2.2570292154947918e-05
1716114472.3135872,-0.0002018610636393229
1716114482.3893163,0.0020094712575276694
1716114492.4713566,0.002172708511352539
1716114502.5630789,0.002679904301961263
1716114512.6561415,0.0016032059987386067
1716114522.7384036,0.0016562143961588542
1716114532.808203,-9.512901306152344e-05
1716114542.8726232,-0.00015370051066080728
1716114552.955431,0.0024042129516601562
1716114563.077336,0.005875507990519206
1716114573.1704924,0.0018852551778157551
1716114583.3075144,-0.00034173329671223957
1716114593.3961182,-0.0008192857106526693
1716114603.4738162,-0.0004571278889973958
1716114613.5494063,0.0015891393025716145
1716114623.6337135,0.0016717116038004558
1716114633.724786,0.0017438729604085286
1716114643.8042526,-0.00023921330769856772
1716114653.8898137,0.0022780895233154297
1716114663.9765797,-0.00022514661153157553
1716114674.0682135,0.001574118932088216
1716114684.1487033,-0.0003025531768798828
1716114694.2286217,-0.0008379618326822916
1716114704.331339,0.0026024977366129556
1716114714.4691517,0.002922614415486654
1716114724.5612094,-0.05943830808003744
1716114734.65043,0.0024651686350504556
1716114744.7670126,0.00010196367899576823
1716114754.8533676,-0.00042780240376790363
1716114764.9337227,0.002452850341796875
1716114775.0234077,0.0038088162740071616
1716114785.1241634,0.0016723473866780598
1716114795.236655,-4.569689432779948e-05
1716114805.3209941,-0.0003829002380371094
1716114815.401004,0.0021457672119140625
1716114825.4920313,0.004358212153116862
1716114835.57573,-7.502237955729167e-05
1716114845.6582909,0.0033571720123291016
1716114855.7530315,0.002954721450805664
1716114865.8594234,-0.00016498565673828125
1716114875.944184,-3.409385681152344e-05
1716114886.0118554,-0.0001293023427327474
1716114896.0884254,0.0017510255177815754
1716114906.1722171,-0.0003209114074707031
1716114916.221947,0.0024290879567464194
1716114926.3152657,0.0023139317830403647
1716114936.407459,0.0013038317362467449
1716114946.470259,0.002837101618448893
1716114956.56769,0.0029479662577311196
1716114966.6598222,0.0006963411966959635
1716114976.7371855,0.0024080276489257812
1716114986.8139935,0.002131382624308268
1716114996.9142692,0.00020933151245117188
1716115007.023368,0.0027445157368977866
1716115017.1245778,0.000986655553181966
1716115027.212642,0.0021409193674723306
1716115037.2931764,-1.3113021850585938e-05
1716115047.3748624,0.0019423166910807292
1716115057.4644845,0.0016144116719563801
1716115067.5526474,0.0019447803497314453
1716115077.6517231,0.0012616316477457683
1716115087.7407684,0.0016787052154541016
1716115097.8492224,0.0014849503835042317
1716115107.9466097,0.002545436223347982
1716115118.028346,-0.00022013982137044272
1716115128.1249735,-0.00017674763997395834
1716115138.3179495,-0.0010749499003092449
1716115148.4498398,-0.00048311551411946613
1716115158.538029,0.0023413499196370444
1716115168.669778,0.0035680135091145835
1716115178.7816808,2.853075663248698e-05
1716115188.8744457,-0.001146396001180013
1716115198.9513454,4.172325134277344e-05
1716115209.0202863,-8.781750996907552e-05
1716115219.096825,-0.00013399124145507812
1716115229.2143042,0.0022596518198649087
1716115239.300233,-0.0012232462565104167
1716115249.3948224,0.0025522708892822266
1716115259.5162747,0.0020596981048583984
1716115269.6112108,-0.0009543895721435547
1716115279.703036,-5.626678466796875e-05
1716115289.7903907,0.002998828887939453
1716115299.9056442,-0.0005887349446614584
1716115309.9922092,-0.0008166631062825521
1716115320.0922887,0.0008157889048258463
1716115330.1804354,0.00010450681050618489
1716115340.3734896,0.0020325183868408203
1716115350.4761198,0.0012142658233642578
1716115360.5741158,-5.7220458984375e-05
1716115370.6724892,-5.340576171875e-05
1716115380.758768,3.62396240234375e-05
1716115390.8565676,-0.0007369518280029297
1716115400.9590213,-0.00852672259012858
1716115411.028558,-3.814697265625e-05
1716115421.1127806,0.0012275377909342449
1716115431.2187707,-0.005375067392985026
1716115441.322359,-0.008424758911132812
1716115451.404383,0.001611153284708659
1716115461.4903421,0.0024198691050211587
1716115471.584486,0.003536224365234375
1716115481.6910374,-0.00014781951904296875
1716115491.7818224,0.0021091302235921225
1716115501.8818195,0.0015595753987630208
1716115512.0049317,0.0028699239095052085
1716115522.1198113,4.084904988606771e-05
1716115532.217327,0.0022993882497151694
1716115542.304025,0.0013821125030517578
1716115552.3872907,0.0034094651540120444
1716115562.490139,0.003295262654622396
1716115572.5812438,-8.098284403483073e-05
1716115582.656636,0.0019623438517252603
1716115592.7480614,0.0014866193135579426
1716115602.8695927,0.0024461746215820312
1716115612.986904,0.0006946722666422526
1716115623.064195,0.0018995602925618489
1716115633.1546469,0.0027979214986165366
1716115643.2624595,0.0005123615264892578
1716115653.37798,0.0020798842112223306
1716115663.4735584,-1.5815099080403645e-05
1716115673.553128,0.0005291302998860677
1716115683.657877,-0.0016216437021891277
1716115693.7519352,0.0020749568939208984
1716115703.8893578,0.00020551681518554688
1716115714.0438309,-3.09149424235026e-05
1716115724.1383688,-0.00015592575073242188
1716115734.223162,0.0020255247751871743
1716115744.3202827,0.0022087891896565757
1716115754.4056566,-0.00023754437764485678
1716115764.4885511,6.516774495442708e-06
1716115774.5800982,-0.0007564226786295573
1716115784.6835344,7.867813110351562e-06
1716115794.774722,0.0014615058898925781
1716115804.8406522,0.0028722286224365234
1716115814.945448,0.0017858346303304036
1716115825.0492547,0.0007975896199544271
1716115835.1524868,-2.2649765014648438e-05
1716115845.2342224,-6.151199340820312e-05
1716115855.3360999,-0.0008068879445393881
1716115865.4295852,0.002594153086344401
1716115875.5377595,-0.00013415018717447916
1716115885.6307795,-0.0011806488037109375
1716115895.7149706,-0.0010219415028889973
1716115905.8093567,0.00012755393981933594
1716115915.8971322,0.0018339157104492188
1716115925.9896305,0.002756039301554362
1716115936.120382,0.0014758110046386719
1716115946.2062147,-0.0010717709859212239
1716115956.2867415,0.002359787623087565
1716115966.3771527,-0.0006647109985351562
1716115976.4478588,-0.00020575523376464844
1716115986.5306618,0.002920071283976237
1716115996.6285627,0.002172708511352539
1716116006.719013,0.002415895462036133
1716116016.8325536,-0.0011469523111979167
1716116026.950365,0.001500844955444336
1716116037.045992,1.3669331868489584e-05
1716116047.134227,0.0014664332071940105
1716116057.218939,6.262461344401042e-05
1716116067.3284836,3.838539123535156e-05
1716116077.3793542,0.002738793690999349
1716116087.475128,0.001951773961385091
1716116097.5414336,0.0026622613271077475
1716116107.6277792,7.001558939615886e-05
1716116117.6855927,0.0028960704803466797
1716116127.7994812,0.00252532958984375
1716116137.905814,0.0018226305643717449
1716116147.9984515,0.003051916758219401
1716116158.0916488,0.0026477177937825522
1716116168.199025,-0.0006454785664876302
1716116178.284588,6.000200907389323e-05
1716116188.365818,0.0026439825693766275
1716116198.4855015,1.899401346842448e-05
1716116208.5770788,0.0027005672454833984
1716116218.7717686,0.0025935967763264975
1716116228.8621454,0.0027136007944742837
1716116238.9455395,-9.775161743164062e-06
1716116249.0441504,0.002904494603474935
1716116259.1349952,6.246566772460938e-05
1716116269.2114422,0.0013665358225504558
1716116279.2930076,-9.695688883463541e-06
1716116289.3601277,0.0013908545176188152
1716116299.442319,0.003750880559285482
1716116309.532512,0.002708991368611654
1716116319.62806,0.0030043919881184897
1716116329.7135098,1.5894571940104167e-06
1716116339.793213,0.002640406290690104
1716116349.8851156,0.0007393360137939453
1716116359.967056,0.0006416638692220052
1716116370.0497525,-0.001155535380045573
1716116380.3044803,0.0019124348958333333
1716116390.3914478,0.0017641385396321614
1716116400.4749362,0.00010903676350911458
1716116410.551494,3.790855407714844e-05
1716116420.6479473,-1.5815099080403645e-05
1716116430.7479877,-0.0001671314239501953
1716116440.8429775,0.0016970634460449219
1716116450.9526417,0.0023943583170572915
1716116461.0516188,0.0007758140563964844
1716116471.1363661,0.0025943915049235025
1716116481.220848,4.601478576660156e-05
1716116491.3141868,0.0039166609446207685
1716116501.3990486,-3.822644551595052e-05
1716116511.479972,0.0030365784962972007
1716116521.5984192,0.0010418097178141277
1716116531.7066507,0.001012881596883138
1716116541.7786243,-5.094210306803385e-05
1716116551.8612192,0.0024503072102864585
1716116561.9552948,-1.0808308919270834e-05
1716116572.0548398,0.0016929308573404949
1716116582.1481602,0.0014484723409016926
1716116592.2381926,0.0029120445251464844
1716116602.3612843,0.005763928095499675
1716116612.414294,0.0013521512349446614
1716116622.4928198,-0.0012803077697753906
1716116632.5745516,0.002074003219604492
1716116642.6337268,-3.520647684733073e-05
1716116652.6789105,-7.120768229166667e-05
1716116662.8705587,0.00010585784912109375
1716116672.9524271,0.0008985201517740885
1716116683.029481,0.0005958875020345052
1716116693.1337116,0.0031148592631022134
1716116703.2344322,0.0012691020965576172
1716116713.3301804,6.67572021484375e-05
1716116723.421044,0.0033112366994222007
1716116733.5054753,-3.77496083577474e-05
1716116743.5988321,0.004301230112711589
1716116753.6938984,0.0009544690450032552
1716116763.7649052,0.00037161509195963543
1716116773.8428056,0.0030979315439860025
1716116783.9321938,0.0019397735595703125
1716116794.0960424,0.014597495396931967
1716116804.165272,-0.00016101201375325522
1716116814.2459786,0.00283964474995931
1716116824.3530781,0.0017825762430826824
