Winner,Roll,#Entries
server,32,1
win,90,2
server,79,2
win,59,1
pi,72,3
'Nobody participated',0,0
server,92,3
win,76,2
win,76,2
pi,99,2
pi,75,3
win,71,3
server,38,2
win,44,3
win,60,2
pi,49,1
pi,72,4
'Nobody participated',0,0
win,92,3
server,75,1
pi,94,3
win,26,2
server,65,3
win,50,2
server,38,2
win,82,1
pi,32,2
server,37,3
win,87,2
pi,68,3
server,67,1
pi,62,3
pi,63,1
server,46,3
server,89,2
server,98,3
pi,64,3
server,77,1
pi,75,3
pi,76,3
win,73,2
pi,95,2
win,38,2
win,35,3
win,88,1
server,63,2
pi,89,2
server,13,1
server,76,3
server,4,1
server,44,3
server,13,1
pi,70,2
server,57,1
pi,80,2
pi,97,3
pi,36,2
pi,78,2
win,72,2
win,64,2
pi,2,1
pi,76,3
'Nobody participated',0,0
win,87,3
pi,68,2
pi,95,3
win,57,2
server,100,1
win,83,3
pi,29,1
win,84,3
win,61,1
server,52,2
server,34,3
'Nobody participated',0,0
pi,79,3
win,84,2
pi,79,1
win,76,2
server,89,2
win,72,1
server,83,2
pi,70,2
win,69,2
pi,26,2
server,53,3
pi,14,1
win,59,3
pi,72,1
win,58,2
pi,70,2
pi,34,2
server,68,1
win,62,2
server,18,1
pi,55,2
server,49,1
win,84,3
server,55,2
win,70,2
