Winner,Roll,#Entries
server,64,1
pi,63,2
server,69,1
win,86,2
pi,100,2
pi,95,2
win,64,2
pi,73,2
pi,36,1
server,86,2
win,72,3
'Nobody participated',0,0
server,88,4
server,13,2
win,90,2
pi,75,3
server,81,1
server,55,2
win,56,3
win,56,2
pi,80,2
win,96,2
win,91,3
server,77,3
'Nobody participated',0,0
win,73,4
win,76,1
server,81,2
pi,57,2
server,80,3
pi,76,1
win,94,2
server,75,2
server,71,2
server,76,2
win,43,1
win,63,3
server,35,1
win,43,2
server,3,1
pi,100,3
server,35,1
win,29,2
server,62,1
pi,49,2
server,88,3
win,29,2
server,86,2
win,30,3
win,100,3
pi,100,2
pi,97,2
win,39,2
server,39,1
pi,41,2
server,48,3
'Nobody participated',0,0
win,51,3
win,63,2
pi,8,1
win,39,4
server,10,1
server,83,2
win,67,1
pi,65,3
'Nobody participated',0,0
pi,90,3
pi,99,2
server,71,2
win,59,2
server,10,2
'Nobody participated',0,0
win,28,3
pi,80,2
server,83,2
pi,6,1
pi,93,3
'Nobody participated',0,0
pi,73,2
win,66,4
pi,67,1
server,98,2
win,87,3
win,60,2
server,26,1
pi,94,3
pi,43,2
server,21,1
pi,53,2
server,86,3
pi,44,2
pi,86,3
server,97,1
pi,63,2
win,20,3
server,99,2
server,78,2
server,60,1
pi,97,3
win,89,3
'Nobody participated',0,0
win,80,3
win,38,2
pi,75,2
pi,89,2
win,40,2
server,94,3
'Nobody participated',0,0
server,71,3
server,29,2
server,61,1
win,94,4
server,16,2
pi,77,3
pi,21,1
server,74,2
pi,96,1
pi,68,3
pi,41,2
pi,49,2
server,93,2
pi,28,1
server,85,2
pi,97,2
pi,82,2
win,89,2
pi,97,2
pi,67,1
win,87,4
win,87,1
server,60,3
server,35,2
win,37,2
pi,38,2
server,98,3
win,65,3
win,96,2
pi,55,2
pi,99,3
'Nobody participated',0,0
win,57,3
server,59,2
'Nobody participated',0,0
pi,99,3
win,49,1
win,68,3
server,48,2
pi,79,1
server,28,1
server,97,4
server,84,2
server,55,3
win,48,2
pi,24,2
pi,76,2
pi,88,2
win,84,2
pi,9,1
win,86,2
pi,90,3
win,92,1
server,85,2
win,89,1
pi,45,2
win,79,2
pi,65,1
server,90,1
server,71,3
server,96,2
pi,88,1
win,86,3
server,50,2
'Nobody participated',0,0
win,94,4
server,47,1
pi,46,2
win,94,4
server,6,2
pi,55,2
win,55,1
server,90,2
win,53,1
server,93,3
server,35,2
'Nobody participated',0,0
win,70,3
win,87,3
win,5,1
pi,85,2
win,52,2
pi,40,1
server,36,2
win,69,2
win,90,3
win,100,2
server,3,1
win,87,2
win,18,2
pi,37,1
win,85,2
pi,81,3
server,95,2
win,88,2
win,96,3
pi,54,1
server,69,2
pi,90,2
win,63,1
server,100,2
win,52,2
server,75,1
pi,90,2
pi,95,2
pi,100,2
win,93,3
pi,30,2
win,89,3
win,83,2
win,83,2
server,95,2
win,9,1
server,80,3
'Nobody participated',0,0
server,95,3
server,61,3
pi,82,2
win,67,2
win,82,2
server,24,1
win,87,2
server,21,1
pi,87,1
server,81,4
'Nobody participated',0,0
win,99,3
server,64,2
pi,22,1
server,55,2
server,88,3
server,81,1
pi,5,1
win,72,2
pi,68,1
win,89,3
pi,37,2
win,85,2
server,98,2
'Nobody participated',0,0
server,95,3
pi,70,1
win,81,2
win,99,2
pi,99,3
win,97,3
win,100,3
win,71,3
server,83,2
pi,1,1
win,88,3
pi,59,3
pi,77,2
pi,48,2
server,98,4
'Nobody participated',0,0
server,83,3
pi,82,3
server,19,1
win,44,2
pi,52,2
server,79,2
pi,37,1
server,48,2
server,63,2
server,80,2
win,99,3
server,83,2
pi,24,2
server,31,1
server,94,3
server,33,1
win,91,3
win,54,2
win,79,2
pi,56,2
win,36,2
server,84,2
server,55,2
pi,31,2
server,57,2
server,90,2
win,30,2
server,27,2
pi,76,1
server,70,2
win,37,1
pi,99,3
server,93,2
win,24,2
pi,46,1
win,100,3
