[
  {
    "round": 1,
    "winner": "win",
    "roll": 75,
    "participants": [
      "win"
    ]
  },
  {
    "round": 2,
    "winner": "pi",
    "roll": 39,
    "participants": [
      "pi"
    ]
  },
  {
    "round": 3,
    "winner": "'Nobody participated'",
    "roll": 0,
    "participants": []
  },
  {
    "round": 4,
    "winner": "server",
    "roll": 68,
    "participants": [
      "server"
    ]
  },
  {
    "round": 5,
    "winner": "server",
    "roll": 60,
    "participants": [
      "server",
      "pi"
    ]
  },
  {
    "round": 6,
    "winner": "pi",
    "roll": 35,
    "participants": [
      "pi",
      "win"
    ]
  },
  {
    "round": 7,
    "winner": "server",
    "roll": 2,
    "participants": [
      "server"
    ]
  },
  {
    "round": 8,
    "winner": "'Nobody participated'",
    "roll": 0,
    "participants": []
  },
  {
    "round": 9,
    "winner": "server",
    "roll": 51,
    "participants": [
      "pi",
      "server",
      "win"
    ]
  },
  {
    "round": 10,
    "winner": "server",
    "roll": 32,
    "participants": [
      "server"
    ]
  },
  {
    "round": 11,
    "winner": "server",
    "roll": 21,
    "participants": [
      "server"
    ]
  },
  {
    "round": 12,
    "winner": "win",
    "roll": 45,
    "participants": [
      "win"
    ]
  },
  {
    "round": 13,
    "winner": "server",
    "roll": 79,
    "participants": [
      "server",
      "pi"
    ]
  },
  {
    "round": 14,
    "winner": "server",
    "roll": 82,
    "participants": [
      "server",
      "win"
    ]
  },
  {
    "round": 15,
    "winner": "pi",
    "roll": 13,
    "participants": [
      "pi"
    ]
  },
  {
    "round": 16,
    "winner": "'Nobody participated'",
    "roll": 0,
    "participants": []
  },
  {
    "round": 17,
    "winner": "pi",
    "roll": 30,
    "participants": [
      "server",
      "pi"
    ]
  },
  {
    "round": 18,
    "winner": "pi",
    "roll": 71,
    "participants": [
      "win",
      "pi"
    ]
  },
  {
    "round": 19,
    "winner": "'Nobody participated'",
    "roll": 0,
    "participants": []
  },
  {
    "round": 20,
    "winner": "'Nobody participated'",
    "roll": 0,
    "participants": []
  },
  {
    "round": 21,
    "winner": "pi",
    "roll": 84,
    "participants": [
      "pi"
    ]
  },
  {
    "round": 22,
    "winner": "win",
    "roll": 15,
    "participants": [
      "win"
    ]
  },
  {
    "round": 23,
    "winner": "server",
    "roll": 64,
    "participants": [
      "pi",
      "server"
    ]
  },
  {
    "round": 24,
    "winner": "pi",
    "roll": 97,
    "participants": [
      "pi"
    ]
  },
  {
    "round": 25,
    "winner": "pi",
    "roll": 93,
    "participants": [
      "server",
      "pi"
    ]
  },
  {
    "round": 26,
    "winner": "server",
    "roll": 25,
    "participants": [
      "server"
    ]
  },
  {
    "round": 27,
    "winner": "server",
    "roll": 31,
    "participants": [
      "pi",
      "server"
    ]
  },
  {
    "round": 28,
    "winner": "server",
    "roll": 35,
    "participants": [
      "pi",
      "server"
    ]
  },
  {
    "round": 29,
    "winner": "pi",
    "roll": 7,
    "participants": [
      "pi"
    ]
  },
  {
    "round": 30,
    "winner": "pi",
    "roll": 34,
    "participants": [
      "pi"
    ]
  },
  {
    "round": 31,
    "winner": "win",
    "roll": 9,
    "participants": [
      "win",
      "pi"
    ]
  },
  {
    "round": 32,
    "winner": "'Nobody participated'",
    "roll": 0,
    "participants": []
  },
  {
    "round": 33,
    "winner": "server",
    "roll": 91,
    "participants": [
      "server"
    ]
  },
  {
    "round": 34,
    "winner": "pi",
    "roll": 64,
    "participants": [
      "pi"
    ]
  },
  {
    "round": 35,
    "winner": "pi",
    "roll": 65,
    "participants": [
      "pi",
      "server"
    ]
  },
  {
    "round": 36,
    "winner": "'Nobody participated'",
    "roll": 0,
    "participants": []
  },
  {
    "round": 37,
    "winner": "'Nobody participated'",
    "roll": 0,
    "participants": []
  },
  {
    "round": 38,
    "winner": "'Nobody participated'",
    "roll": 0,
    "participants": []
  },
  {
    "round": 39,
    "winner": "pi",
    "roll": 31,
    "participants": [
      "pi"
    ]
  },
  {
    "round": 40,
    "winner": "server",
    "roll": 60,
    "participants": [
      "server"
    ]
  },
  {
    "round": 41,
    "winner": "'Nobody participated'",
    "roll": 0,
    "participants": []
  },
  {
    "round": 42,
    "winner": "'Nobody participated'",
    "roll": 0,
    "participants": []
  },
  {
    "round": 43,
    "winner": "win",
    "roll": 63,
    "participants": [
      "win",
      "server",
      "pi"
    ]
  },
  {
    "round": 44,
    "winner": "win",
    "roll": 94,
    "participants": [
      "win",
      "win"
    ]
  },
  {
    "round": 45,
    "winner": "win",
    "roll": 92,
    "participants": [
      "pi",
      "win"
    ]
  },
  {
    "round": 46,
    "winner": "pi",
    "roll": 64,
    "participants": [
      "server",
      "win",
      "pi"
    ]
  },
  {
    "round": 47,
    "winner": "'Nobody participated'",
    "roll": 0,
    "participants": []
  },
  {
    "round": 48,
    "winner": "pi",
    "roll": 92,
    "participants": [
      "win",
      "pi",
      "server"
    ]
  },
  {
    "round": 49,
    "winner": "server",
    "roll": 83,
    "participants": [
      "server"
    ]
  },
  {
    "round": 50,
    "winner": "server",
    "roll": 94,
    "participants": [
      "win",
      "server"
    ]
  },
  {
    "round": 51,
    "winner": "server",
    "roll": 88,
    "participants": [
      "pi",
      "server",
      "win"
    ]
  },
  {
    "round": 52,
    "winner": "'Nobody participated'",
    "roll": 0,
    "participants": []
  },
  {
    "round": 53,
    "winner": "win",
    "roll": 76,
    "participants": [
      "pi",
      "win"
    ]
  },
  {
    "round": 54,
    "winner": "win",
    "roll": 79,
    "participants": [
      "win",
      "server"
    ]
  },
  {
    "round": 55,
    "winner": "pi",
    "roll": 4,
    "participants": [
      "pi"
    ]
  },
  {
    "round": 56,
    "winner": "'Nobody participated'",
    "roll": 0,
    "participants": []
  },
  {
    "round": 57,
    "winner": "'Nobody participated'",
    "roll": 0,
    "participants": []
  },
  {
    "round": 58,
    "winner": "pi",
    "roll": 71,
    "participants": [
      "pi"
    ]
  },
  {
    "round": 59,
    "winner": "win",
    "roll": 6,
    "participants": [
      "win"
    ]
  },
  {
    "round": 60,
    "winner": "pi",
    "roll": 65,
    "participants": [
      "pi"
    ]
  },
  {
    "round": 61,
    "winner": "pi",
    "roll": 88,
    "participants": [
      "pi"
    ]
  },
  {
    "round": 62,
    "winner": "'Nobody participated'",
    "roll": 0,
    "participants": []
  },
  {
    "round": 63,
    "winner": "server",
    "roll": 97,
    "participants": [
      "server",
      "win"
    ]
  },
  {
    "round": 64,
    "winner": "server",
    "roll": 58,
    "participants": [
      "server",
      "pi"
    ]
  },
  {
    "round": 65,
    "winner": "'Nobody participated'",
    "roll": 0,
    "participants": []
  },
  {
    "round": 66,
    "winner": "'Nobody participated'",
    "roll": 0,
    "participants": []
  },
  {
    "round": 67,
    "winner": "pi",
    "roll": 94,
    "participants": [
      "win",
      "pi"
    ]
  },
  {
    "round": 68,
    "winner": "pi",
    "roll": 100,
    "participants": [
      "win",
      "pi",
      "server",
      "win"
    ]
  },
  {
    "round": 69,
    "winner": "pi",
    "roll": 74,
    "participants": [
      "pi"
    ]
  },
  {
    "round": 70,
    "winner": "server",
    "roll": 58,
    "participants": [
      "server",
      "pi"
    ]
  },
  {
    "round": 71,
    "winner": "'Nobody participated'",
    "roll": 0,
    "participants": []
  },
  {
    "round": 72,
    "winner": "win",
    "roll": 99,
    "participants": [
      "win",
      "pi"
    ]
  },
  {
    "round": 73,
    "winner": "win",
    "roll": 74,
    "participants": [
      "win"
    ]
  },
  {
    "round": 74,
    "winner": "pi",
    "roll": 88,
    "participants": [
      "pi"
    ]
  },
  {
    "round": 75,
    "winner": "server",
    "roll": 74,
    "participants": [
      "server"
    ]
  },
  {
    "round": 76,
    "winner": "pi",
    "roll": 80,
    "participants": [
      "pi"
    ]
  },
  {
    "round": 77,
    "winner": "win",
    "roll": 58,
    "participants": [
      "win",
      "pi"
    ]
  },
  {
    "round": 78,
    "winner": "win",
    "roll": 22,
    "participants": [
      "win"
    ]
  },
  {
    "round": 79,
    "winner": "pi",
    "roll": 98,
    "participants": [
      "pi",
      "win"
    ]
  },
  {
    "round": 80,
    "winner": "server",
    "roll": 47,
    "participants": [
      "server",
      "pi"
    ]
  },
  {
    "round": 81,
    "winner": "server",
    "roll": 79,
    "participants": [
      "win",
      "server"
    ]
  },
  {
    "round": 82,
    "winner": "pi",
    "roll": 17,
    "participants": [
      "pi"
    ]
  },
  {
    "round": 83,
    "winner": "server",
    "roll": 47,
    "participants": [
      "pi",
      "server",
      "win"
    ]
  },
  {
    "round": 84,
    "winner": "'Nobody participated'",
    "roll": 0,
    "participants": []
  },
  {
    "round": 85,
    "winner": "pi",
    "roll": 62,
    "participants": [
      "win",
      "pi"
    ]
  },
  {
    "round": 86,
    "winner": "pi",
    "roll": 33,
    "participants": [
      "server",
      "pi"
    ]
  },
  {
    "round": 87,
    "winner": "pi",
    "roll": 30,
    "participants": [
      "pi",
      "server"
    ]
  },
  {
    "round": 88,
    "winner": "win",
    "roll": 86,
    "participants": [
      "win",
      "pi",
      "server"
    ]
  },
  {
    "round": 89,
    "winner": "server",
    "roll": 79,
    "participants": [
      "server",
      "win"
    ]
  },
  {
    "round": 90,
    "winner": "pi",
    "roll": 45,
    "participants": [
      "pi"
    ]
  },
  {
    "round": 91,
    "winner": "pi",
    "roll": 8,
    "participants": [
      "pi"
    ]
  },
  {
    "round": 92,
    "winner": "win",
    "roll": 4,
    "participants": [
      "win"
    ]
  },
  {
    "round": 93,
    "winner": "pi",
    "roll": 97,
    "participants": [
      "server",
      "pi"
    ]
  },
  {
    "round": 94,
    "winner": "'Nobody participated'",
    "roll": 0,
    "participants": []
  },
  {
    "round": 95,
    "winner": "pi",
    "roll": 55,
    "participants": [
      "pi",
      "server"
    ]
  },
  {
    "round": 96,
    "winner": "'Nobody participated'",
    "roll": 0,
    "participants": []
  },
  {
    "round": 97,
    "winner": "'Nobody participated'",
    "roll": 0,
    "participants": []
  },
  {
    "round": 98,
    "winner": "pi",
    "roll": 87,
    "participants": [
      "pi",
      "server"
    ]
  },
  {
    "round": 99,
    "winner": "pi",
    "roll": 96,
    "participants": [
      "server",
      "pi"
    ]
  },
  {
    "round": 100,
    "winner": "win",
    "roll": 48,
    "participants": [
      "win"
    ]
  },
  {
    "round": 101,
    "winner": "server",
    "roll": 40,
    "participants": [
      "server",
      "pi"
    ]
  },
  {
    "round": 102,
    "winner": "'Nobody participated'",
    "roll": 0,
    "participants": []
  },
  {
    "round": 103,
    "winner": "'Nobody participated'",
    "roll": 0,
    "participants": []
  },
  {
    "round": 104,
    "winner": "server",
    "roll": 21,
    "participants": [
      "server"
    ]
  },
  {
    "round": 105,
    "winner": "'Nobody participated'",
    "roll": 0,
    "participants": []
  },
  {
    "round": 106,
    "winner": "pi",
    "roll": 80,
    "participants": [
      "server",
      "pi"
    ]
  },
  {
    "round": 107,
    "winner": "pi",
    "roll": 39,
    "participants": [
      "pi"
    ]
  },
  {
    "round": 108,
    "winner": "'Nobody participated'",
    "roll": 0,
    "participants": []
  },
  {
    "round": 109,
    "winner": "pi",
    "roll": 89,
    "participants": [
      "pi",
      "server"
    ]
  },
  {
    "round": 110,
    "winner": "pi",
    "roll": 18,
    "participants": [
      "pi"
    ]
  },
  {
    "round": 111,
    "winner": "'Nobody participated'",
    "roll": 0,
    "participants": []
  },
  {
    "round": 112,
    "winner": "pi",
    "roll": 73,
    "participants": [
      "pi",
      "win"
    ]
  },
  {
    "round": 113,
    "winner": "win",
    "roll": 75,
    "participants": [
      "server",
      "win"
    ]
  },
  {
    "round": 114,
    "winner": "server",
    "roll": 47,
    "participants": [
      "server"
    ]
  },
  {
    "round": 115,
    "winner": "win",
    "roll": 79,
    "participants": [
      "server",
      "win",
      "pi"
    ]
  },
  {
    "round": 116,
    "winner": "'Nobody participated'",
    "roll": 0,
    "participants": []
  },
  {
    "round": 117,
    "winner": "server",
    "roll": 50,
    "participants": [
      "server"
    ]
  },
  {
    "round": 118,
    "winner": "win",
    "roll": 32,
    "participants": [
      "win"
    ]
  },
  {
    "round": 119,
    "winner": "'Nobody participated'",
    "roll": 0,
    "participants": []
  },
  {
    "round": 120,
    "winner": "server",
    "roll": 91,
    "participants": [
      "server"
    ]
  },
  {
    "round": 121,
    "winner": "server",
    "roll": 99,
    "participants": [
      "server",
      "pi"
    ]
  },
  {
    "round": 122,
    "winner": "pi",
    "roll": 98,
    "participants": [
      "win",
      "pi"
    ]
  },
  {
    "round": 123,
    "winner": "pi",
    "roll": 63,
    "participants": [
      "pi",
      "server"
    ]
  },
  {
    "round": 124,
    "winner": "pi",
    "roll": 99,
    "participants": [
      "win",
      "win",
      "pi"
    ]
  },
  {
    "round": 125,
    "winner": "server",
    "roll": 85,
    "participants": [
      "server"
    ]
  },
  {
    "round": 126,
    "winner": "pi",
    "roll": 30,
    "participants": [
      "pi"
    ]
  },
  {
    "round": 127,
    "winner": "pi",
    "roll": 71,
    "participants": [
      "win",
      "win",
      "pi"
    ]
  },
  {
    "round": 128,
    "winner": "'Nobody participated'",
    "roll": 0,
    "participants": []
  },
  {
    "round": 129,
    "winner": "server",
    "roll": 40,
    "participants": [
      "server"
    ]
  },
  {
    "round": 130,
    "winner": "server",
    "roll": 80,
    "participants": [
      "pi",
      "server"
    ]
  },
  {
    "round": 131,
    "winner": "pi",
    "roll": 74,
    "participants": [
      "server",
      "pi"
    ]
  },
  {
    "round": 132,
    "winner": "win",
    "roll": 99,
    "participants": [
      "pi",
      "server",
      "win"
    ]
  },
  {
    "round": 133,
    "winner": "pi",
    "roll": 50,
    "participants": [
      "pi",
      "server"
    ]
  },
  {
    "round": 134,
    "winner": "win",
    "roll": 61,
    "participants": [
      "win"
    ]
  },
  {
    "round": 135,
    "winner": "pi",
    "roll": 89,
    "participants": [
      "pi"
    ]
  },
  {
    "round": 136,
    "winner": "pi",
    "roll": 73,
    "participants": [
      "server",
      "pi"
    ]
  },
  {
    "round": 137,
    "winner": "server",
    "roll": 2,
    "participants": [
      "server"
    ]
  },
  {
    "round": 138,
    "winner": "server",
    "roll": 97,
    "participants": [
      "win",
      "server"
    ]
  },
  {
    "round": 139,
    "winner": "pi",
    "roll": 95,
    "participants": [
      "pi"
    ]
  },
  {
    "round": 140,
    "winner": "server",
    "roll": 86,
    "participants": [
      "server"
    ]
  },
  {
    "round": 141,
    "winner": "pi",
    "roll": 97,
    "participants": [
      "pi",
      "server"
    ]
  },
  {
    "round": 142,
    "winner": "win",
    "roll": 99,
    "participants": [
      "win"
    ]
  },
  {
    "round": 143,
    "winner": "pi",
    "roll": 45,
    "participants": [
      "pi",
      "server"
    ]
  },
  {
    "round": 144,
    "winner": "pi",
    "roll": 85,
    "participants": [
      "pi"
    ]
  },
  {
    "round": 145,
    "winner": "win",
    "roll": 88,
    "participants": [
      "pi",
      "win"
    ]
  },
  {
    "round": 146,
    "winner": "win",
    "roll": 83,
    "participants": [
      "win",
      "pi"
    ]
  },
  {
    "round": 147,
    "winner": "server",
    "roll": 16,
    "participants": [
      "server"
    ]
  },
  {
    "round": 148,
    "winner": "'Nobody participated'",
    "roll": 0,
    "participants": []
  },
  {
    "round": 149,
    "winner": "pi",
    "roll": 75,
    "participants": [
      "pi"
    ]
  },
  {
    "round": 150,
    "winner": "server",
    "roll": 34,
    "participants": [
      "pi",
      "server"
    ]
  },
  {
    "round": 151,
    "winner": "'Nobody participated'",
    "roll": 0,
    "participants": []
  },
  {
    "round": 152,
    "winner": "server",
    "roll": 46,
    "participants": [
      "server",
      "win"
    ]
  },
  {
    "round": 153,
    "winner": "'Nobody participated'",
    "roll": 0,
    "participants": []
  },
  {
    "round": 154,
    "winner": "server",
    "roll": 57,
    "participants": [
      "server"
    ]
  },
  {
    "round": 155,
    "winner": "'Nobody participated'",
    "roll": 0,
    "participants": []
  },
  {
    "round": 156,
    "winner": "win",
    "roll": 41,
    "participants": [
      "server",
      "pi",
      "win"
    ]
  },
  {
    "round": 157,
    "winner": "server",
    "roll": 59,
    "participants": [
      "server"
    ]
  },
  {
    "round": 158,
    "winner": "pi",
    "roll": 100,
    "participants": [
      "pi",
      "server"
    ]
  },
  {
    "round": 159,
    "winner": "server",
    "roll": 58,
    "participants": [
      "server"
    ]
  },
  {
    "round": 160,
    "winner": "server",
    "roll": 85,
    "participants": [
      "server",
      "win"
    ]
  },
  {
    "round": 161,
    "winner": "win",
    "roll": 14,
    "participants": [
      "win"
    ]
  },
  {
    "round": 162,
    "winner": "'Nobody participated'",
    "roll": 0,
    "participants": []
  },
  {
    "round": 163,
    "winner": "server",
    "roll": 32,
    "participants": [
      "server"
    ]
  },
  {
    "round": 164,
    "winner": "win",
    "roll": 45,
    "participants": [
      "win",
      "server"
    ]
  },
  {
    "round": 165,
    "winner": "'Nobody participated'",
    "roll": 0,
    "participants": []
  },
  {
    "round": 166,
    "winner": "win",
    "roll": 88,
    "participants": [
      "win",
      "server"
    ]
  },
  {
    "round": 167,
    "winner": "server",
    "roll": 76,
    "participants": [
      "server",
      "win"
    ]
  },
  {
    "round": 168,
    "winner": "server",
    "roll": 42,
    "participants": [
      "server"
    ]
  },
  {
    "round": 169,
    "winner": "pi",
    "roll": 46,
    "participants": [
      "server",
      "pi"
    ]
  },
  {
    "round": 170,
    "winner": "pi",
    "roll": 90,
    "participants": [
      "win",
      "pi"
    ]
  },
  {
    "round": 171,
    "winner": "pi",
    "roll": 98,
    "participants": [
      "server",
      "win",
      "pi"
    ]
  },
  {
    "round": 172,
    "winner": "pi",
    "roll": 9,
    "participants": [
      "pi"
    ]
  },
  {
    "round": 173,
    "winner": "pi",
    "roll": 76,
    "participants": [
      "pi",
      "server"
    ]
  },
  {
    "round": 174,
    "winner": "win",
    "roll": 100,
    "participants": [
      "pi",
      "server",
      "win"
    ]
  },
  {
    "round": 175,
    "winner": "pi",
    "roll": 84,
    "participants": [
      "win",
      "server",
      "pi"
    ]
  },
  {
    "round": 176,
    "winner": "server",
    "roll": 80,
    "participants": [
      "server"
    ]
  },
  {
    "round": 177,
    "winner": "pi",
    "roll": 38,
    "participants": [
      "pi"
    ]
  },
  {
    "round": 178,
    "winner": "win",
    "roll": 97,
    "participants": [
      "server",
      "win"
    ]
  },
  {
    "round": 179,
    "winner": "'Nobody participated'",
    "roll": 0,
    "participants": []
  },
  {
    "round": 180,
    "winner": "server",
    "roll": 70,
    "participants": [
      "server"
    ]
  },
  {
    "round": 181,
    "winner": "win",
    "roll": 100,
    "participants": [
      "win",
      "pi",
      "server"
    ]
  },
  {
    "round": 182,
    "winner": "pi",
    "roll": 80,
    "participants": [
      "pi",
      "win"
    ]
  },
  {
    "round": 183,
    "winner": "pi",
    "roll": 66,
    "participants": [
      "server",
      "pi"
    ]
  },
  {
    "round": 184,
    "winner": "'Nobody participated'",
    "roll": 0,
    "participants": []
  },
  {
    "round": 185,
    "winner": "win",
    "roll": 12,
    "participants": [
      "win"
    ]
  },
  {
    "round": 186,
    "winner": "pi",
    "roll": 98,
    "participants": [
      "pi"
    ]
  },
  {
    "round": 187,
    "winner": "server",
    "roll": 82,
    "participants": [
      "server",
      "pi"
    ]
  },
  {
    "round": 188,
    "winner": "pi",
    "roll": 68,
    "participants": [
      "pi",
      "server"
    ]
  },
  {
    "round": 189,
    "winner": "win",
    "roll": 53,
    "participants": [
      "win"
    ]
  },
  {
    "round": 190,
    "winner": "win",
    "roll": 34,
    "participants": [
      "server",
      "win"
    ]
  },
  {
    "round": 191,
    "winner": "win",
    "roll": 83,
    "participants": [
      "server",
      "win"
    ]
  },
  {
    "round": 192,
    "winner": "pi",
    "roll": 55,
    "participants": [
      "pi",
      "server"
    ]
  },
  {
    "round": 193,
    "winner": "'Nobody participated'",
    "roll": 0,
    "participants": []
  },
  {
    "round": 194,
    "winner": "win",
    "roll": 91,
    "participants": [
      "win",
      "server",
      "pi"
    ]
  },
  {
    "round": 195,
    "winner": "pi",
    "roll": 100,
    "participants": [
      "server",
      "win",
      "pi"
    ]
  },
  {
    "round": 196,
    "winner": "server",
    "roll": 34,
    "participants": [
      "server"
    ]
  },
  {
    "round": 197,
    "winner": "win",
    "roll": 68,
    "participants": [
      "server",
      "win"
    ]
  },
  {
    "round": 198,
    "winner": "win",
    "roll": 1,
    "participants": [
      "win"
    ]
  },
  {
    "round": 199,
    "winner": "server",
    "roll": 88,
    "participants": [
      "pi",
      "server"
    ]
  },
  {
    "round": 200,
    "winner": "'Nobody participated'",
    "roll": 0,
    "participants": []
  },
  {
    "round": 201,
    "winner": "pi",
    "roll": 84,
    "participants": [
      "pi",
      "server"
    ]
  },
  {
    "round": 202,
    "winner": "win",
    "roll": 62,
    "participants": [
      "win",
      "server"
    ]
  },
  {
    "round": 203,
    "winner": "pi",
    "roll": 99,
    "participants": [
      "pi"
    ]
  },
  {
    "round": 204,
    "winner": "server",
    "roll": 30,
    "participants": [
      "pi",
      "server"
    ]
  },
  {
    "round": 205,
    "winner": "server",
    "roll": 95,
    "participants": [
      "server",
      "pi"
    ]
  },
  {
    "round": 206,
    "winner": "win",
    "roll": 82,
    "participants": [
      "win",
      "server"
    ]
  },
  {
    "round": 207,
    "winner": "'Nobody participated'",
    "roll": 0,
    "participants": []
  },
  {
    "round": 208,
    "winner": "win",
    "roll": 40,
    "participants": [
      "win"
    ]
  },
  {
    "round": 209,
    "winner": "pi",
    "roll": 20,
    "participants": [
      "pi",
      "server"
    ]
  },
  {
    "round": 210,
    "winner": "'Nobody participated'",
    "roll": 0,
    "participants": []
  },
  {
    "round": 211,
    "winner": "server",
    "roll": 81,
    "participants": [
      "pi",
      "server"
    ]
  },
  {
    "round": 212,
    "winner": "pi",
    "roll": 86,
    "participants": [
      "server",
      "pi"
    ]
  },
  {
    "round": 213,
    "winner": "'Nobody participated'",
    "roll": 0,
    "participants": []
  },
  {
    "round": 214,
    "winner": "'Nobody participated'",
    "roll": 0,
    "participants": []
  },
  {
    "round": 215,
    "winner": "server",
    "roll": 96,
    "participants": [
      "server"
    ]
  },
  {
    "round": 216,
    "winner": "win",
    "roll": 94,
    "participants": [
      "win"
    ]
  },
  {
    "round": 217,
    "winner": "server",
    "roll": 79,
    "participants": [
      "server"
    ]
  },
  {
    "round": 218,
    "winner": "server",
    "roll": 12,
    "participants": [
      "server"
    ]
  },
  {
    "round": 219,
    "winner": "server",
    "roll": 14,
    "participants": [
      "server",
      "win"
    ]
  },
  {
    "round": 220,
    "winner": "win",
    "roll": 84,
    "participants": [
      "server",
      "win",
      "pi"
    ]
  },
  {
    "round": 221,
    "winner": "win",
    "roll": 28,
    "participants": [
      "win"
    ]
  },
  {
    "round": 222,
    "winner": "'Nobody participated'",
    "roll": 0,
    "participants": []
  },
  {
    "round": 223,
    "winner": "pi",
    "roll": 21,
    "participants": [
      "pi"
    ]
  },
  {
    "round": 224,
    "winner": "pi",
    "roll": 87,
    "participants": [
      "win",
      "server",
      "pi"
    ]
  },
  {
    "round": 225,
    "winner": "pi",
    "roll": 53,
    "participants": [
      "pi"
    ]
  },
  {
    "round": 226,
    "winner": "server",
    "roll": 51,
    "participants": [
      "pi",
      "server"
    ]
  },
  {
    "round": 227,
    "winner": "pi",
    "roll": 70,
    "participants": [
      "pi"
    ]
  },
  {
    "round": 228,
    "winner": "server",
    "roll": 99,
    "participants": [
      "server",
      "pi"
    ]
  },
  {
    "round": 229,
    "winner": "'Nobody participated'",
    "roll": 0,
    "participants": []
  },
  {
    "round": 230,
    "winner": "win",
    "roll": 63,
    "participants": [
      "pi",
      "win"
    ]
  },
  {
    "round": 231,
    "winner": "server",
    "roll": 53,
    "participants": [
      "server",
      "pi"
    ]
  },
  {
    "round": 232,
    "winner": "pi",
    "roll": 27,
    "participants": [
      "pi"
    ]
  },
  {
    "round": 233,
    "winner": "pi",
    "roll": 3,
    "participants": [
      "pi"
    ]
  },
  {
    "round": 234,
    "winner": "server",
    "roll": 92,
    "participants": [
      "server"
    ]
  },
  {
    "round": 235,
    "winner": "server",
    "roll": 16,
    "participants": [
      "server"
    ]
  },
  {
    "round": 236,
    "winner": "server",
    "roll": 61,
    "participants": [
      "pi",
      "server"
    ]
  },
  {
    "round": 237,
    "winner": "'Nobody participated'",
    "roll": 0,
    "participants": []
  },
  {
    "round": 238,
    "winner": "'Nobody participated'",
    "roll": 0,
    "participants": []
  },
  {
    "round": 239,
    "winner": "server",
    "roll": 19,
    "participants": [
      "server"
    ]
  },
  {
    "round": 240,
    "winner": "'Nobody participated'",
    "roll": 0,
    "participants": []
  },
  {
    "round": 241,
    "winner": "'Nobody participated'",
    "roll": 0,
    "participants": []
  },
  {
    "round": 242,
    "winner": "server",
    "roll": 49,
    "participants": [
      "win",
      "server"
    ]
  },
  {
    "round": 243,
    "winner": "win",
    "roll": 71,
    "participants": [
      "win",
      "pi"
    ]
  },
  {
    "round": 244,
    "winner": "'Nobody participated'",
    "roll": 0,
    "participants": []
  },
  {
    "round": 245,
    "winner": "server",
    "roll": 76,
    "participants": [
      "server"
    ]
  },
  {
    "round": 246,
    "winner": "pi",
    "roll": 93,
    "participants": [
      "server",
      "pi"
    ]
  },
  {
    "round": 247,
    "winner": "'Nobody participated'",
    "roll": 0,
    "participants": []
  },
  {
    "round": 248,
    "winner": "'Nobody participated'",
    "roll": 0,
    "participants": []
  },
  {
    "round": 249,
    "winner": "pi",
    "roll": 17,
    "participants": [
      "win",
      "pi"
    ]
  },
  {
    "round": 250,
    "winner": "pi",
    "roll": 33,
    "participants": [
      "pi"
    ]
  },
  {
    "round": 251,
    "winner": "pi",
    "roll": 59,
    "participants": [
      "pi"
    ]
  },
  {
    "round": 252,
    "winner": "'Nobody participated'",
    "roll": 0,
    "participants": []
  },
  {
    "round": 253,
    "winner": "win",
    "roll": 96,
    "participants": [
      "pi",
      "server",
      "win"
    ]
  },
  {
    "round": 254,
    "winner": "server",
    "roll": 68,
    "participants": [
      "win",
      "pi",
      "server"
    ]
  },
  {
    "round": 255,
    "winner": "pi",
    "roll": 32,
    "participants": [
      "pi"
    ]
  },
  {
    "round": 256,
    "winner": "'Nobody participated'",
    "roll": 0,
    "participants": []
  },
  {
    "round": 257,
    "winner": "pi",
    "roll": 78,
    "participants": [
      "server",
      "pi"
    ]
  },
  {
    "round": 258,
    "winner": "pi",
    "roll": 35,
    "participants": [
      "pi",
      "server"
    ]
  },
  {
    "round": 259,
    "winner": "pi",
    "roll": 85,
    "participants": [
      "pi",
      "win"
    ]
  },
  {
    "round": 260,
    "winner": "pi",
    "roll": 62,
    "participants": [
      "server",
      "pi"
    ]
  },
  {
    "round": 261,
    "winner": "pi",
    "roll": 95,
    "participants": [
      "pi",
      "win"
    ]
  },
  {
    "round": 262,
    "winner": "server",
    "roll": 63,
    "participants": [
      "server"
    ]
  },
  {
    "round": 263,
    "winner": "pi",
    "roll": 72,
    "participants": [
      "pi",
      "win",
      "server"
    ]
  },
  {
    "round": 264,
    "winner": "pi",
    "roll": 96,
    "participants": [
      "server",
      "pi"
    ]
  },
  {
    "round": 265,
    "winner": "'Nobody participated'",
    "roll": 0,
    "participants": []
  },
  {
    "round": 266,
    "winner": "pi",
    "roll": 3,
    "participants": [
      "pi"
    ]
  },
  {
    "round": 267,
    "winner": "pi",
    "roll": 37,
    "participants": [
      "pi"
    ]
  },
  {
    "round": 268,
    "winner": "pi",
    "roll": 40,
    "participants": [
      "pi"
    ]
  },
  {
    "round": 269,
    "winner": "win",
    "roll": 71,
    "participants": [
      "win"
    ]
  },
  {
    "round": 270,
    "winner": "'Nobody participated'",
    "roll": 0,
    "participants": []
  },
  {
    "round": 271,
    "winner": "server",
    "roll": 96,
    "participants": [
      "server",
      "win"
    ]
  },
  {
    "round": 272,
    "winner": "pi",
    "roll": 17,
    "participants": [
      "pi"
    ]
  },
  {
    "round": 273,
    "winner": "server",
    "roll": 19,
    "participants": [
      "server",
      "win"
    ]
  },
  {
    "round": 274,
    "winner": "'Nobody participated'",
    "roll": 0,
    "participants": []
  },
  {
    "round": 275,
    "winner": "server",
    "roll": 62,
    "participants": [
      "server"
    ]
  },
  {
    "round": 276,
    "winner": "pi",
    "roll": 2,
    "participants": [
      "pi"
    ]
  },
  {
    "round": 277,
    "winner": "pi",
    "roll": 93,
    "participants": [
      "server",
      "pi"
    ]
  },
  {
    "round": 278,
    "winner": "win",
    "roll": 98,
    "participants": [
      "pi",
      "win",
      "server"
    ]
  },
  {
    "round": 279,
    "winner": "pi",
    "roll": 27,
    "participants": [
      "pi"
    ]
  },
  {
    "round": 280,
    "winner": "win",
    "roll": 83,
    "participants": [
      "win",
      "win"
    ]
  },
  {
    "round": 281,
    "winner": "'Nobody participated'",
    "roll": 0,
    "participants": []
  },
  {
    "round": 282,
    "winner": "pi",
    "roll": 67,
    "participants": [
      "server",
      "pi"
    ]
  },
  {
    "round": 283,
    "winner": "win",
    "roll": 67,
    "participants": [
      "win"
    ]
  },
  {
    "round": 284,
    "winner": "win",
    "roll": 61,
    "participants": [
      "win",
      "pi"
    ]
  },
  {
    "round": 285,
    "winner": "pi",
    "roll": 28,
    "participants": [
      "pi",
      "win"
    ]
  },
  {
    "round": 286,
    "winner": "server",
    "roll": 98,
    "participants": [
      "server",
      "pi"
    ]
  },
  {
    "round": 287,
    "winner": "pi",
    "roll": 45,
    "participants": [
      "pi"
    ]
  },
  {
    "round": 288,
    "winner": "'Nobody participated'",
    "roll": 0,
    "participants": []
  },
  {
    "round": 289,
    "winner": "win",
    "roll": 88,
    "participants": [
      "win"
    ]
  },
  {
    "round": 290,
    "winner": "server",
    "roll": 3,
    "participants": [
      "server"
    ]
  },
  {
    "round": 291,
    "winner": "pi",
    "roll": 19,
    "participants": [
      "pi"
    ]
  },
  {
    "round": 292,
    "winner": "server",
    "roll": 21,
    "participants": [
      "server"
    ]
  },
  {
    "round": 293,
    "winner": "server",
    "roll": 15,
    "participants": [
      "win",
      "server"
    ]
  },
  {
    "round": 294,
    "winner": "win",
    "roll": 98,
    "participants": [
      "win",
      "server"
    ]
  },
  {
    "round": 295,
    "winner": "server",
    "roll": 9,
    "participants": [
      "server"
    ]
  },
  {
    "round": 296,
    "winner": "win",
    "roll": 29,
    "participants": [
      "win"
    ]
  },
  {
    "round": 297,
    "winner": "'Nobody participated'",
    "roll": 0,
    "participants": []
  },
  {
    "round": 298,
    "winner": "server",
    "roll": 23,
    "participants": [
      "server"
    ]
  },
  {
    "round": 299,
    "winner": "pi",
    "roll": 99,
    "participants": [
      "server",
      "win",
      "pi",
      "win"
    ]
  },
  {
    "round": 300,
    "winner": "server",
    "roll": 92,
    "participants": [
      "server"
    ]
  }
]