[
  {
    "round": 1,
    "winner": 3,
    "roll": "pi",
    "participants": [
      "pi",
      "server"
    ]
  },
  {
    "round": 2,
    "winner": 9,
    "roll": "server",
    "participants": [
      "server"
    ]
  },
  {
    "round": 3,
    "winner": 14,
    "roll": "server",
    "participants": [
      "server"
    ]
  },
  {
    "round": 4,
    "winner": -1,
    "roll": "'Nobody participated'",
    "participants": []
  },
  {
    "round": 5,
    "winner": 21,
    "roll": "pi",
    "participants": [
      "server",
      "pi"
    ]
  },
  {
    "round": 6,
    "winner": -1,
    "roll": "'Nobody participated'",
    "participants": []
  },
  {
    "round": 7,
    "winner": 29,
    "roll": "pi",
    "participants": [
      "server",
      "pi"
    ]
  },
  {
    "round": 8,
    "winner": 35,
    "roll": "win",
    "participants": [
      "server",
      "win"
    ]
  },
  {
    "round": 9,
    "winner": 41,
    "roll": "pi",
    "participants": [
      "pi"
    ]
  },
  {
    "round": 10,
    "winner": -1,
    "roll": "'Nobody participated'",
    "participants": []
  },
  {
    "round": 11,
    "winner": -1,
    "roll": "'Nobody participated'",
    "participants": []
  },
  {
    "round": 12,
    "winner": 50,
    "roll": "pi",
    "participants": [
      "pi"
    ]
  },
  {
    "round": 13,
    "winner": -1,
    "roll": "'Nobody participated'",
    "participants": []
  },
  {
    "round": 14,
    "winner": 57,
    "roll": "pi",
    "participants": [
      "pi"
    ]
  },
  {
    "round": 15,
    "winner": 62,
    "roll": "win",
    "participants": [
      "win",
      "server"
    ]
  },
  {
    "round": 16,
    "winner": -1,
    "roll": "'Nobody participated'",
    "participants": []
  },
  {
    "round": 17,
    "winner": 70,
    "roll": "pi",
    "participants": [
      "server",
      "pi",
      "win"
    ]
  },
  {
    "round": 18,
    "winner": 77,
    "roll": "server",
    "participants": [
      "server"
    ]
  },
  {
    "round": 19,
    "winner": 82,
    "roll": "win",
    "participants": [
      "server",
      "win"
    ]
  },
  {
    "round": 20,
    "winner": 88,
    "roll": "server",
    "participants": [
      "server",
      "pi"
    ]
  },
  {
    "round": 21,
    "winner": 94,
    "roll": "pi",
    "participants": [
      "server",
      "pi"
    ]
  },
  {
    "round": 22,
    "winner": 100,
    "roll": "pi",
    "participants": [
      "pi"
    ]
  },
  {
    "round": 23,
    "winner": -1,
    "roll": "'Nobody participated'",
    "participants": []
  },
  {
    "round": 24,
    "winner": 107,
    "roll": "pi",
    "participants": [
      "server",
      "pi"
    ]
  },
  {
    "round": 25,
    "winner": 113,
    "roll": "pi",
    "participants": [
      "pi",
      "win"
    ]
  },
  {
    "round": 26,
    "winner": 119,
    "roll": "pi",
    "participants": [
      "pi"
    ]
  },
  {
    "round": 27,
    "winner": -1,
    "roll": "'Nobody participated'",
    "participants": []
  },
  {
    "round": 28,
    "winner": 126,
    "roll": "win",
    "participants": [
      "win"
    ]
  },
  {
    "round": 29,
    "winner": 131,
    "roll": "server",
    "participants": [
      "pi",
      "server"
    ]
  },
  {
    "round": 30,
    "winner": 137,
    "roll": "server",
    "participants": [
      "server"
    ]
  },
  {
    "round": 31,
    "winner": 142,
    "roll": "win",
    "participants": [
      "win"
    ]
  },
  {
    "round": 32,
    "winner": 147,
    "roll": "server",
    "participants": [
      "server",
      "win"
    ]
  },
  {
    "round": 33,
    "winner": 153,
    "roll": "pi",
    "participants": [
      "pi"
    ]
  },
  {
    "round": 34,
    "winner": 158,
    "roll": "server",
    "participants": [
      "server"
    ]
  },
  {
    "round": 35,
    "winner": 163,
    "roll": "pi",
    "participants": [
      "pi"
    ]
  },
  {
    "round": 36,
    "winner": 168,
    "roll": "pi",
    "participants": [
      "pi"
    ]
  },
  {
    "round": 37,
    "winner": 173,
    "roll": "pi",
    "participants": [
      "pi"
    ]
  },
  {
    "round": 38,
    "winner": 178,
    "roll": "pi",
    "participants": [
      "pi"
    ]
  },
  {
    "round": 39,
    "winner": 183,
    "roll": "pi",
    "participants": [
      "pi"
    ]
  },
  {
    "round": 40,
    "winner": 188,
    "roll": "pi",
    "participants": [
      "pi",
      "win"
    ]
  },
  {
    "round": 41,
    "winner": 194,
    "roll": "server",
    "participants": [
      "pi",
      "server"
    ]
  },
  {
    "round": 42,
    "winner": 200,
    "roll": "pi",
    "participants": [
      "pi"
    ]
  },
  {
    "round": 43,
    "winner": 205,
    "roll": "server",
    "participants": [
      "server"
    ]
  },
  {
    "round": 44,
    "winner": 210,
    "roll": "win",
    "participants": [
      "server",
      "win"
    ]
  },
  {
    "round": 45,
    "winner": 216,
    "roll": "pi",
    "participants": [
      "pi"
    ]
  },
  {
    "round": 46,
    "winner": 221,
    "roll": "server",
    "participants": [
      "server"
    ]
  },
  {
    "round": 47,
    "winner": 226,
    "roll": "server",
    "participants": [
      "server"
    ]
  },
  {
    "round": 48,
    "winner": 231,
    "roll": "server",
    "participants": [
      "win",
      "server"
    ]
  },
  {
    "round": 49,
    "winner": 237,
    "roll": "pi",
    "participants": [
      "pi"
    ]
  },
  {
    "round": 50,
    "winner": -1,
    "roll": "'Nobody participated'",
    "participants": []
  },
  {
    "round": 51,
    "winner": -1,
    "roll": "'Nobody participated'",
    "participants": []
  },
  {
    "round": 52,
    "winner": -1,
    "roll": "'Nobody participated'",
    "participants": []
  },
  {
    "round": 53,
    "winner": 248,
    "roll": "server",
    "participants": [
      "server"
    ]
  },
  {
    "round": 54,
    "winner": 253,
    "roll": "pi",
    "participants": [
      "pi"
    ]
  },
  {
    "round": 55,
    "winner": 258,
    "roll": "pi",
    "participants": [
      "pi"
    ]
  },
  {
    "round": 56,
    "winner": -1,
    "roll": "'Nobody participated'",
    "participants": []
  },
  {
    "round": 57,
    "winner": 265,
    "roll": "win",
    "participants": [
      "win"
    ]
  },
  {
    "round": 58,
    "winner": 270,
    "roll": "pi",
    "participants": [
      "pi"
    ]
  },
  {
    "round": 59,
    "winner": 275,
    "roll": "server",
    "participants": [
      "pi",
      "server"
    ]
  },
  {
    "round": 60,
    "winner": -1,
    "roll": "'Nobody participated'",
    "participants": []
  },
  {
    "round": 61,
    "winner": -1,
    "roll": "'Nobody participated'",
    "participants": []
  },
  {
    "round": 62,
    "winner": 285,
    "roll": "pi",
    "participants": [
      "pi"
    ]
  },
  {
    "round": 63,
    "winner": 290,
    "roll": "win",
    "participants": [
      "server",
      "win"
    ]
  },
  {
    "round": 64,
    "winner": -1,
    "roll": "'Nobody participated'",
    "participants": []
  },
  {
    "round": 65,
    "winner": 298,
    "roll": "server",
    "participants": [
      "server"
    ]
  },
  {
    "round": 66,
    "winner": 303,
    "roll": "win",
    "participants": [
      "pi",
      "server",
      "win"
    ]
  },
  {
    "round": 67,
    "winner": 310,
    "roll": "server",
    "participants": [
      "server",
      "win"
    ]
  },
  {
    "round": 68,
    "winner": -1,
    "roll": "'Nobody participated'",
    "participants": []
  },
  {
    "round": 69,
    "winner": 318,
    "roll": "server",
    "participants": [
      "server"
    ]
  },
  {
    "round": 70,
    "winner": 323,
    "roll": "server",
    "participants": [
      "server",
      "win"
    ]
  },
  {
    "round": 71,
    "winner": -1,
    "roll": "'Nobody participated'",
    "participants": []
  },
  {
    "round": 72,
    "winner": -1,
    "roll": "'Nobody participated'",
    "participants": []
  },
  {
    "round": 73,
    "winner": 334,
    "roll": "pi",
    "participants": [
      "pi"
    ]
  },
  {
    "round": 74,
    "winner": 339,
    "roll": "server",
    "participants": [
      "server"
    ]
  },
  {
    "round": 75,
    "winner": 344,
    "roll": "server",
    "participants": [
      "server"
    ]
  },
  {
    "round": 76,
    "winner": 349,
    "roll": "pi",
    "participants": [
      "pi"
    ]
  },
  {
    "round": 77,
    "winner": 354,
    "roll": "pi",
    "participants": [
      "pi"
    ]
  },
  {
    "round": 78,
    "winner": -1,
    "roll": "'Nobody participated'",
    "participants": []
  },
  {
    "round": 79,
    "winner": 361,
    "roll": "server",
    "participants": [
      "server"
    ]
  },
  {
    "round": 80,
    "winner": 366,
    "roll": "server",
    "participants": [
      "server"
    ]
  },
  {
    "round": 81,
    "winner": -1,
    "roll": "'Nobody participated'",
    "participants": []
  },
  {
    "round": 82,
    "winner": -1,
    "roll": "'Nobody participated'",
    "participants": []
  },
  {
    "round": 83,
    "winner": 375,
    "roll": "win",
    "participants": [
      "win"
    ]
  },
  {
    "round": 84,
    "winner": 380,
    "roll": "server",
    "participants": [
      "pi",
      "server"
    ]
  },
  {
    "round": 85,
    "winner": 386,
    "roll": "win",
    "participants": [
      "win",
      "pi"
    ]
  },
  {
    "round": 86,
    "winner": 392,
    "roll": "server",
    "participants": [
      "server"
    ]
  },
  {
    "round": 87,
    "winner": -1,
    "roll": "'Nobody participated'",
    "participants": []
  },
  {
    "round": 88,
    "winner": 399,
    "roll": "pi",
    "participants": [
      "pi"
    ]
  },
  {
    "round": 89,
    "winner": 404,
    "roll": "pi",
    "participants": [
      "server",
      "win",
      "pi"
    ]
  },
  {
    "round": 90,
    "winner": 411,
    "roll": "server",
    "participants": [
      "server",
      "pi"
    ]
  },
  {
    "round": 91,
    "winner": -1,
    "roll": "'Nobody participated'",
    "participants": []
  },
  {
    "round": 92,
    "winner": 419,
    "roll": "server",
    "participants": [
      "server",
      "pi"
    ]
  },
  {
    "round": 93,
    "winner": 425,
    "roll": "pi",
    "participants": [
      "pi"
    ]
  },
  {
    "round": 94,
    "winner": 430,
    "roll": "server",
    "participants": [
      "pi",
      "server",
      "win"
    ]
  },
  {
    "round": 95,
    "winner": 437,
    "roll": "server",
    "participants": [
      "server"
    ]
  },
  {
    "round": 96,
    "winner": 442,
    "roll": "pi",
    "participants": [
      "win",
      "pi"
    ]
  },
  {
    "round": 97,
    "winner": 448,
    "roll": "win",
    "participants": [
      "win"
    ]
  },
  {
    "round": 98,
    "winner": 453,
    "roll": "server",
    "participants": [
      "pi",
      "server"
    ]
  },
  {
    "round": 99,
    "winner": 459,
    "roll": "pi",
    "participants": [
      "pi"
    ]
  },
  {
    "round": 100,
    "winner": -1,
    "roll": "'Nobody participated'",
    "participants": []
  },
  {
    "round": 101,
    "winner": 466,
    "roll": "server",
    "participants": [
      "server"
    ]
  },
  {
    "round": 102,
    "winner": 471,
    "roll": "pi",
    "participants": [
      "pi"
    ]
  },
  {
    "round": 103,
    "winner": 476,
    "roll": "server",
    "participants": [
      "server"
    ]
  },
  {
    "round": 104,
    "winner": 481,
    "roll": "win",
    "participants": [
      "win",
      "server",
      "pi"
    ]
  },
  {
    "round": 105,
    "winner": 488,
    "roll": "pi",
    "participants": [
      "pi"
    ]
  },
  {
    "round": 106,
    "winner": 493,
    "roll": "server",
    "participants": [
      "server"
    ]
  },
  {
    "round": 107,
    "winner": 498,
    "roll": "server",
    "participants": [
      "pi",
      "server",
      "win"
    ]
  },
  {
    "round": 108,
    "winner": 505,
    "roll": "server",
    "participants": [
      "pi",
      "server",
      "win"
    ]
  },
  {
    "round": 109,
    "winner": 512,
    "roll": "pi",
    "participants": [
      "pi"
    ]
  },
  {
    "round": 110,
    "winner": 517,
    "roll": "win",
    "participants": [
      "server",
      "win"
    ]
  },
  {
    "round": 111,
    "winner": 523,
    "roll": "server",
    "participants": [
      "server",
      "win"
    ]
  },
  {
    "round": 112,
    "winner": 529,
    "roll": "pi",
    "participants": [
      "pi"
    ]
  },
  {
    "round": 113,
    "winner": 534,
    "roll": "server",
    "participants": [
      "server"
    ]
  },
  {
    "round": 114,
    "winner": 539,
    "roll": "server",
    "participants": [
      "server"
    ]
  },
  {
    "round": 115,
    "winner": 544,
    "roll": "pi",
    "participants": [
      "server",
      "pi"
    ]
  },
  {
    "round": 116,
    "winner": 550,
    "roll": "server",
    "participants": [
      "server"
    ]
  },
  {
    "round": 117,
    "winner": 555,
    "roll": "win",
    "participants": [
      "pi",
      "win"
    ]
  },
  {
    "round": 118,
    "winner": 561,
    "roll": "pi",
    "participants": [
      "pi"
    ]
  },
  {
    "round": 119,
    "winner": 566,
    "roll": "server",
    "participants": [
      "server"
    ]
  },
  {
    "round": 120,
    "winner": 571,
    "roll": "win",
    "participants": [
      "win"
    ]
  },
  {
    "round": 121,
    "winner": 576,
    "roll": "server",
    "participants": [
      "server"
    ]
  },
  {
    "round": 122,
    "winner": 581,
    "roll": "win",
    "participants": [
      "win"
    ]
  },
  {
    "round": 123,
    "winner": 586,
    "roll": "win",
    "participants": [
      "win",
      "server"
    ]
  },
  {
    "round": 124,
    "winner": 592,
    "roll": "server",
    "participants": [
      "server",
      "pi"
    ]
  },
  {
    "round": 125,
    "winner": 598,
    "roll": "pi",
    "participants": [
      "pi",
      "server"
    ]
  },
  {
    "round": 126,
    "winner": 604,
    "roll": "server",
    "participants": [
      "pi",
      "win",
      "server"
    ]
  },
  {
    "round": 127,
    "winner": 611,
    "roll": "pi",
    "participants": [
      "pi",
      "server",
      "win"
    ]
  },
  {
    "round": 128,
    "winner": 618,
    "roll": "win",
    "participants": [
      "win"
    ]
  },
  {
    "round": 129,
    "winner": 623,
    "roll": "server",
    "participants": [
      "server"
    ]
  },
  {
    "round": 130,
    "winner": 628,
    "roll": "server",
    "participants": [
      "server"
    ]
  },
  {
    "round": 131,
    "winner": -1,
    "roll": "'Nobody participated'",
    "participants": []
  },
  {
    "round": 132,
    "winner": 635,
    "roll": "server",
    "participants": [
      "server"
    ]
  },
  {
    "round": 133,
    "winner": -1,
    "roll": "'Nobody participated'",
    "participants": []
  },
  {
    "round": 134,
    "winner": 642,
    "roll": "pi",
    "participants": [
      "pi",
      "server"
    ]
  },
  {
    "round": 135,
    "winner": -1,
    "roll": "'Nobody participated'",
    "participants": []
  },
  {
    "round": 136,
    "winner": 651,
    "roll": "win",
    "participants": [
      "win"
    ]
  },
  {
    "round": 137,
    "winner": 656,
    "roll": "pi",
    "participants": [
      "pi"
    ]
  },
  {
    "round": 138,
    "winner": 661,
    "roll": "server",
    "participants": [
      "server",
      "win"
    ]
  },
  {
    "round": 139,
    "winner": 667,
    "roll": "win",
    "participants": [
      "server",
      "win"
    ]
  },
  {
    "round": 140,
    "winner": 673,
    "roll": "pi",
    "participants": [
      "pi"
    ]
  },
  {
    "round": 141,
    "winner": -1,
    "roll": "'Nobody participated'",
    "participants": []
  },
  {
    "round": 142,
    "winner": 680,
    "roll": "pi",
    "participants": [
      "pi"
    ]
  },
  {
    "round": 143,
    "winner": 685,
    "roll": "server",
    "participants": [
      "server"
    ]
  },
  {
    "round": 144,
    "winner": 690,
    "roll": "pi",
    "participants": [
      "pi"
    ]
  },
  {
    "round": 145,
    "winner": 695,
    "roll": "win",
    "participants": [
      "server",
      "win"
    ]
  },
  {
    "round": 146,
    "winner": 701,
    "roll": "win",
    "participants": [
      "win"
    ]
  },
  {
    "round": 147,
    "winner": -1,
    "roll": "'Nobody participated'",
    "participants": []
  },
  {
    "round": 148,
    "winner": 709,
    "roll": "win",
    "participants": [
      "win"
    ]
  },
  {
    "round": 149,
    "winner": 714,
    "roll": "server",
    "participants": [
      "server",
      "win"
    ]
  },
  {
    "round": 150,
    "winner": 720,
    "roll": "pi",
    "participants": [
      "pi"
    ]
  },
  {
    "round": 151,
    "winner": 725,
    "roll": "server",
    "participants": [
      "win",
      "server"
    ]
  },
  {
    "round": 152,
    "winner": -1,
    "roll": "'Nobody participated'",
    "participants": []
  },
  {
    "round": 153,
    "winner": 733,
    "roll": "server",
    "participants": [
      "server"
    ]
  },
  {
    "round": 154,
    "winner": 738,
    "roll": "server",
    "participants": [
      "server",
      "win"
    ]
  },
  {
    "round": 155,
    "winner": 744,
    "roll": "pi",
    "participants": [
      "pi"
    ]
  },
  {
    "round": 156,
    "winner": -1,
    "roll": "'Nobody participated'",
    "participants": []
  },
  {
    "round": 157,
    "winner": 751,
    "roll": "server",
    "participants": [
      "pi",
      "server"
    ]
  },
  {
    "round": 158,
    "winner": -1,
    "roll": "'Nobody participated'",
    "participants": []
  },
  {
    "round": 159,
    "winner": 759,
    "roll": "server",
    "participants": [
      "server"
    ]
  },
  {
    "round": 160,
    "winner": 764,
    "roll": "pi",
    "participants": [
      "server",
      "pi"
    ]
  },
  {
    "round": 161,
    "winner": 770,
    "roll": "pi",
    "participants": [
      "pi"
    ]
  },
  {
    "round": 162,
    "winner": 775,
    "roll": "pi",
    "participants": [
      "pi"
    ]
  },
  {
    "round": 163,
    "winner": 780,
    "roll": "pi",
    "participants": [
      "win",
      "pi"
    ]
  },
  {
    "round": 164,
    "winner": 786,
    "roll": "pi",
    "participants": [
      "pi",
      "server"
    ]
  },
  {
    "round": 165,
    "winner": 792,
    "roll": "win",
    "participants": [
      "pi",
      "win"
    ]
  },
  {
    "round": 166,
    "winner": 798,
    "roll": "pi",
    "participants": [
      "pi"
    ]
  },
  {
    "round": 167,
    "winner": 803,
    "roll": "server",
    "participants": [
      "server"
    ]
  },
  {
    "round": 168,
    "winner": 808,
    "roll": "win",
    "participants": [
      "server",
      "win"
    ]
  },
  {
    "round": 169,
    "winner": 814,
    "roll": "win",
    "participants": [
      "server",
      "win"
    ]
  },
  {
    "round": 170,
    "winner": 820,
    "roll": "pi",
    "participants": [
      "pi"
    ]
  },
  {
    "round": 171,
    "winner": 825,
    "roll": "pi",
    "participants": [
      "pi",
      "win"
    ]
  },
  {
    "round": 172,
    "winner": 831,
    "roll": "server",
    "participants": [
      "server"
    ]
  },
  {
    "round": 173,
    "winner": 836,
    "roll": "win",
    "participants": [
      "win"
    ]
  },
  {
    "round": 174,
    "winner": 841,
    "roll": "win",
    "participants": [
      "win"
    ]
  },
  {
    "round": 175,
    "winner": 846,
    "roll": "server",
    "participants": [
      "server"
    ]
  },
  {
    "round": 176,
    "winner": 851,
    "roll": "pi",
    "participants": [
      "server",
      "pi"
    ]
  },
  {
    "round": 177,
    "winner": 857,
    "roll": "pi",
    "participants": [
      "pi"
    ]
  },
  {
    "round": 178,
    "winner": 862,
    "roll": "pi",
    "participants": [
      "pi",
      "server"
    ]
  },
  {
    "round": 179,
    "winner": 868,
    "roll": "server",
    "participants": [
      "server"
    ]
  },
  {
    "round": 180,
    "winner": -1,
    "roll": "'Nobody participated'",
    "participants": []
  },
  {
    "round": 181,
    "winner": 875,
    "roll": "pi",
    "participants": [
      "pi"
    ]
  },
  {
    "round": 182,
    "winner": 880,
    "roll": "server",
    "participants": [
      "server"
    ]
  },
  {
    "round": 183,
    "winner": 885,
    "roll": "server",
    "participants": [
      "server"
    ]
  },
  {
    "round": 184,
    "winner": 890,
    "roll": "server",
    "participants": [
      "server"
    ]
  },
  {
    "round": 185,
    "winner": 895,
    "roll": "server",
    "participants": [
      "server"
    ]
  },
  {
    "round": 186,
    "winner": 900,
    "roll": "pi",
    "participants": [
      "pi"
    ]
  },
  {
    "round": 187,
    "winner": -1,
    "roll": "'Nobody participated'",
    "participants": []
  },
  {
    "round": 188,
    "winner": 907,
    "roll": "win",
    "participants": [
      "win",
      "server"
    ]
  },
  {
    "round": 189,
    "winner": -1,
    "roll": "'Nobody participated'",
    "participants": []
  },
  {
    "round": 190,
    "winner": 915,
    "roll": "server",
    "participants": [
      "server"
    ]
  },
  {
    "round": 191,
    "winner": 920,
    "roll": "win",
    "participants": [
      "pi",
      "server",
      "win"
    ]
  },
  {
    "round": 192,
    "winner": 927,
    "roll": "server",
    "participants": [
      "pi",
      "server"
    ]
  },
  {
    "round": 193,
    "winner": 933,
    "roll": "win",
    "participants": [
      "pi",
      "win"
    ]
  },
  {
    "round": 194,
    "winner": 939,
    "roll": "server",
    "participants": [
      "server"
    ]
  },
  {
    "round": 195,
    "winner": 944,
    "roll": "server",
    "participants": [
      "server"
    ]
  },
  {
    "round": 196,
    "winner": -1,
    "roll": "'Nobody participated'",
    "participants": []
  },
  {
    "round": 197,
    "winner": 951,
    "roll": "pi",
    "participants": [
      "pi"
    ]
  },
  {
    "round": 198,
    "winner": 956,
    "roll": "server",
    "participants": [
      "server",
      "pi"
    ]
  },
  {
    "round": 199,
    "winner": -1,
    "roll": "'Nobody participated'",
    "participants": []
  },
  {
    "round": 200,
    "winner": 965,
    "roll": "server",
    "participants": [
      "server"
    ]
  },
  {
    "round": 201,
    "winner": -1,
    "roll": "'Nobody participated'",
    "participants": []
  },
  {
    "round": 202,
    "winner": 973,
    "roll": "win",
    "participants": [
      "win",
      "pi"
    ]
  },
  {
    "round": 203,
    "winner": 979,
    "roll": "server",
    "participants": [
      "server"
    ]
  },
  {
    "round": 204,
    "winner": 984,
    "roll": "pi",
    "participants": [
      "pi"
    ]
  },
  {
    "round": 205,
    "winner": 989,
    "roll": "server",
    "participants": [
      "server",
      "win"
    ]
  },
  {
    "round": 206,
    "winner": 995,
    "roll": "server",
    "participants": [
      "server"
    ]
  },
  {
    "round": 207,
    "winner": -1,
    "roll": "'Nobody participated'",
    "participants": []
  },
  {
    "round": 208,
    "winner": 1002,
    "roll": "server",
    "participants": [
      "server",
      "pi"
    ]
  },
  {
    "round": 209,
    "winner": 1008,
    "roll": "pi",
    "participants": [
      "pi"
    ]
  },
  {
    "round": 210,
    "winner": 1013,
    "roll": "win",
    "participants": [
      "server",
      "win"
    ]
  },
  {
    "round": 211,
    "winner": 1019,
    "roll": "pi",
    "participants": [
      "pi"
    ]
  },
  {
    "round": 212,
    "winner": 1024,
    "roll": "pi",
    "participants": [
      "pi",
      "win"
    ]
  },
  {
    "round": 213,
    "winner": 1030,
    "roll": "server",
    "participants": [
      "server"
    ]
  },
  {
    "round": 214,
    "winner": 1035,
    "roll": "win",
    "participants": [
      "win"
    ]
  },
  {
    "round": 215,
    "winner": -1,
    "roll": "'Nobody participated'",
    "participants": []
  },
  {
    "round": 216,
    "winner": 1042,
    "roll": "server",
    "participants": [
      "server",
      "win"
    ]
  },
  {
    "round": 217,
    "winner": 1048,
    "roll": "pi",
    "participants": [
      "pi"
    ]
  },
  {
    "round": 218,
    "winner": -1,
    "roll": "'Nobody participated'",
    "participants": []
  },
  {
    "round": 219,
    "winner": 1055,
    "roll": "pi",
    "participants": [
      "pi"
    ]
  },
  {
    "round": 220,
    "winner": 1060,
    "roll": "pi",
    "participants": [
      "pi",
      "server"
    ]
  },
  {
    "round": 221,
    "winner": 1066,
    "roll": "win",
    "participants": [
      "server",
      "win",
      "pi"
    ]
  },
  {
    "round": 222,
    "winner": -1,
    "roll": "'Nobody participated'",
    "participants": []
  },
  {
    "round": 223,
    "winner": 1075,
    "roll": "pi",
    "participants": [
      "pi",
      "server"
    ]
  },
  {
    "round": 224,
    "winner": 1081,
    "roll": "server",
    "participants": [
      "server"
    ]
  },
  {
    "round": 225,
    "winner": 1086,
    "roll": "server",
    "participants": [
      "server"
    ]
  },
  {
    "round": 226,
    "winner": 1091,
    "roll": "pi",
    "participants": [
      "pi",
      "server"
    ]
  },
  {
    "round": 227,
    "winner": 1097,
    "roll": "pi",
    "participants": [
      "pi"
    ]
  },
  {
    "round": 228,
    "winner": 1102,
    "roll": "pi",
    "participants": [
      "win",
      "pi",
      "server"
    ]
  },
  {
    "round": 229,
    "winner": 1109,
    "roll": "pi",
    "participants": [
      "pi",
      "win"
    ]
  },
  {
    "round": 230,
    "winner": 1115,
    "roll": "win",
    "participants": [
      "win",
      "server"
    ]
  },
  {
    "round": 231,
    "winner": 1121,
    "roll": "win",
    "participants": [
      "win"
    ]
  },
  {
    "round": 232,
    "winner": 1126,
    "roll": "win",
    "participants": [
      "win"
    ]
  },
  {
    "round": 233,
    "winner": 1131,
    "roll": "server",
    "participants": [
      "server"
    ]
  },
  {
    "round": 234,
    "winner": 1136,
    "roll": "win",
    "participants": [
      "server",
      "win"
    ]
  },
  {
    "round": 235,
    "winner": 1142,
    "roll": "win",
    "participants": [
      "win"
    ]
  },
  {
    "round": 236,
    "winner": 1147,
    "roll": "server",
    "participants": [
      "server"
    ]
  },
  {
    "round": 237,
    "winner": -1,
    "roll": "'Nobody participated'",
    "participants": []
  },
  {
    "round": 238,
    "winner": 1154,
    "roll": "pi",
    "participants": [
      "pi"
    ]
  },
  {
    "round": 239,
    "winner": 1159,
    "roll": "pi",
    "participants": [
      "pi"
    ]
  },
  {
    "round": 240,
    "winner": 1164,
    "roll": "pi",
    "participants": [
      "pi"
    ]
  },
  {
    "round": 241,
    "winner": 1169,
    "roll": "server",
    "participants": [
      "server"
    ]
  },
  {
    "round": 242,
    "winner": 1174,
    "roll": "server",
    "participants": [
      "server"
    ]
  },
  {
    "round": 243,
    "winner": 1179,
    "roll": "server",
    "participants": [
      "pi",
      "win",
      "server"
    ]
  },
  {
    "round": 244,
    "winner": -1,
    "roll": "'Nobody participated'",
    "participants": []
  },
  {
    "round": 245,
    "winner": 1188,
    "roll": "pi",
    "participants": [
      "pi"
    ]
  },
  {
    "round": 246,
    "winner": 1193,
    "roll": "win",
    "participants": [
      "win"
    ]
  },
  {
    "round": 247,
    "winner": 1198,
    "roll": "server",
    "participants": [
      "win",
      "server"
    ]
  },
  {
    "round": 248,
    "winner": 1204,
    "roll": "server",
    "participants": [
      "pi",
      "server",
      "win"
    ]
  },
  {
    "round": 249,
    "winner": -1,
    "roll": "'Nobody participated'",
    "participants": []
  },
  {
    "round": 250,
    "winner": 1213,
    "roll": "server",
    "participants": [
      "server"
    ]
  },
  {
    "round": 251,
    "winner": 1218,
    "roll": "win",
    "participants": [
      "server",
      "win",
      "pi"
    ]
  },
  {
    "round": 252,
    "winner": -1,
    "roll": "'Nobody participated'",
    "participants": []
  },
  {
    "round": 253,
    "winner": 1227,
    "roll": "pi",
    "participants": [
      "server",
      "pi"
    ]
  },
  {
    "round": 254,
    "winner": -1,
    "roll": "'Nobody participated'",
    "participants": []
  },
  {
    "round": 255,
    "winner": 1235,
    "roll": "win",
    "participants": [
      "server",
      "win"
    ]
  },
  {
    "round": 256,
    "winner": 1241,
    "roll": "server",
    "participants": [
      "server"
    ]
  },
  {
    "round": 257,
    "winner": 1246,
    "roll": "pi",
    "participants": [
      "pi"
    ]
  },
  {
    "round": 258,
    "winner": 1251,
    "roll": "pi",
    "participants": [
      "pi"
    ]
  },
  {
    "round": 259,
    "winner": 1256,
    "roll": "pi",
    "participants": [
      "server",
      "pi",
      "win"
    ]
  },
  {
    "round": 260,
    "winner": 1263,
    "roll": "pi",
    "participants": [
      "pi"
    ]
  },
  {
    "round": 261,
    "winner": -1,
    "roll": "'Nobody participated'",
    "participants": []
  },
  {
    "round": 262,
    "winner": -1,
    "roll": "'Nobody participated'",
    "participants": []
  },
  {
    "round": 263,
    "winner": 1272,
    "roll": "server",
    "participants": [
      "server"
    ]
  },
  {
    "round": 264,
    "winner": 1277,
    "roll": "win",
    "participants": [
      "server",
      "win"
    ]
  },
  {
    "round": 265,
    "winner": 1283,
    "roll": "win",
    "participants": [
      "server",
      "win"
    ]
  },
  {
    "round": 266,
    "winner": 1289,
    "roll": "server",
    "participants": [
      "server",
      "win"
    ]
  },
  {
    "round": 267,
    "winner": 1295,
    "roll": "server",
    "participants": [
      "server",
      "win"
    ]
  },
  {
    "round": 268,
    "winner": 1301,
    "roll": "win",
    "participants": [
      "win",
      "server"
    ]
  },
  {
    "round": 269,
    "winner": 1307,
    "roll": "win",
    "participants": [
      "win"
    ]
  },
  {
    "round": 270,
    "winner": 1312,
    "roll": "pi",
    "participants": [
      "pi"
    ]
  },
  {
    "round": 271,
    "winner": 1317,
    "roll": "win",
    "participants": [
      "server",
      "win"
    ]
  },
  {
    "round": 272,
    "winner": 1323,
    "roll": "server",
    "participants": [
      "server"
    ]
  },
  {
    "round": 273,
    "winner": 1328,
    "roll": "pi",
    "participants": [
      "pi"
    ]
  },
  {
    "round": 274,
    "winner": 1333,
    "roll": "pi",
    "participants": [
      "server",
      "pi"
    ]
  },
  {
    "round": 275,
    "winner": 1339,
    "roll": "pi",
    "participants": [
      "pi"
    ]
  },
  {
    "round": 276,
    "winner": 1344,
    "roll": "server",
    "participants": [
      "server"
    ]
  },
  {
    "round": 277,
    "winner": 1349,
    "roll": "server",
    "participants": [
      "server",
      "pi"
    ]
  },
  {
    "round": 278,
    "winner": 1355,
    "roll": "win",
    "participants": [
      "win"
    ]
  },
  {
    "round": 279,
    "winner": 1360,
    "roll": "pi",
    "participants": [
      "win",
      "server",
      "pi"
    ]
  },
  {
    "round": 280,
    "winner": -1,
    "roll": "'Nobody participated'",
    "participants": []
  },
  {
    "round": 281,
    "winner": 1369,
    "roll": "server",
    "participants": [
      "server",
      "pi"
    ]
  },
  {
    "round": 282,
    "winner": 1375,
    "roll": "server",
    "participants": [
      "server"
    ]
  },
  {
    "round": 283,
    "winner": 1380,
    "roll": "server",
    "participants": [
      "server",
      "pi"
    ]
  },
  {
    "round": 284,
    "winner": 1386,
    "roll": "win",
    "participants": [
      "win",
      "pi"
    ]
  },
  {
    "round": 285,
    "winner": 1392,
    "roll": "server",
    "participants": [
      "server"
    ]
  },
  {
    "round": 286,
    "winner": -1,
    "roll": "'Nobody participated'",
    "participants": []
  },
  {
    "round": 287,
    "winner": 1399,
    "roll": "server",
    "participants": [
      "win",
      "server"
    ]
  },
  {
    "round": 288,
    "winner": 1405,
    "roll": "server",
    "participants": [
      "server"
    ]
  },
  {
    "round": 289,
    "winner": 1410,
    "roll": "win",
    "participants": [
      "win",
      "server"
    ]
  },
  {
    "round": 290,
    "winner": -1,
    "roll": "'Nobody participated'",
    "participants": []
  },
  {
    "round": 291,
    "winner": 1418,
    "roll": "server",
    "participants": [
      "server"
    ]
  },
  {
    "round": 292,
    "winner": 1423,
    "roll": "win",
    "participants": [
      "win"
    ]
  },
  {
    "round": 293,
    "winner": 1428,
    "roll": "pi",
    "participants": [
      "server",
      "pi",
      "win"
    ]
  },
  {
    "round": 294,
    "winner": -1,
    "roll": "'Nobody participated'",
    "participants": []
  },
  {
    "round": 295,
    "winner": 1437,
    "roll": "win",
    "participants": [
      "win"
    ]
  },
  {
    "round": 296,
    "winner": 1442,
    "roll": "pi",
    "participants": [
      "pi"
    ]
  },
  {
    "round": 297,
    "winner": -1,
    "roll": "'Nobody participated'",
    "participants": []
  },
  {
    "round": 298,
    "winner": 1449,
    "roll": "win",
    "participants": [
      "win"
    ]
  },
  {
    "round": 299,
    "winner": 1454,
    "roll": "server",
    "participants": [
      "server",
      "win"
    ]
  },
  {
    "round": 300,
    "winner": 1460,
    "roll": "server",
    "participants": [
      "server"
    ]
  }
]